DesignIndex,RadiusSetId,RadiusSet_um,TargetFillFactor,MinDistanceFactor,Seed,IslandCount,ActualFillFactor,TopKPeakRatio,PeakBackgroundRatioPenalty,HazeRisk,HazeRiskPenalty,Objective
95,1,[1 1.5],0.45,1,5,751,0.38239990234375,0.597093098994539,0.179588621833384,0.146938125017831,0.00167323952123126,0.66831531424238
65,1,[1 1.5],0.4,1,5,749,0.38099609375,0.597314405710134,0.179482047346091,0.146886402265277,0.00166901073217136,0.668478175942122
61,1,[1 1.5],0.4,1,1,748,0.38221435546875,0.600662911763104,0.175037372058643,0.148620184809099,0.00181367900072189,0.670994386987239
91,1,[1 1.5],0.45,1,1,749,0.382919921875,0.600662911763104,0.175037372058643,0.148620184809099,0.00181367900072189,0.670994386987239
33,1,[1 1.5],0.35,1,3,691,0.34959228515625,0.603609395557798,0.172365282889591,0.144800979582215,0.00150296597290227,0.671452074433666
94,1,[1 1.5],0.45,1,4,742,0.374599609375,0.602104736058576,0.180744611609873,0.141864100180172,0.00128387673488632,0.671784733796463
62,1,[1 1.5],0.4,1,2,747,0.378779296875,0.599936495279385,0.188045981694377,0.141247008831653,0.00124003525785092,0.671952765161671
92,1,[1 1.5],0.45,1,2,747,0.378779296875,0.599936495279385,0.188045981694377,0.141247008831653,0.00124003525785092,0.671952765161671
63,1,[1 1.5],0.4,1,3,733,0.37098388671875,0.599859831495249,0.189411619887149,0.142350927661655,0.00131900098661129,0.672748903388807
93,1,[1 1.5],0.45,1,3,734,0.37168701171875,0.599859831495249,0.189411619887149,0.142350927661655,0.00131900098661129,0.672748903388807
64,1,[1 1.5],0.4,1,4,741,0.373896484375,0.602984701941543,0.181973641135749,0.14164374729923,0.00126813426265885,0.67301614765235
38,1,[1 1.5],0.35,1,8,680,0.34943359375,0.60418597087759,0.178693781392061,0.142742928967629,0.00134762810018722,0.673466934865747
35,1,[1 1.5],0.35,1,5,682,0.34904296875,0.604872804992526,0.165263723029002,0.15408285416235,0.00230880054708491,0.674259110788102
32,1,[1 1.5],0.35,1,2,687,0.3494384765625,0.604220836877147,0.183329740062791,0.143261795808887,0.00138599258301082,0.675316208814178
31,1,[1 1.5],0.35,1,1,685,0.34915771484375,0.604040263675818,0.177114886153792,0.149315492190199,0.00187338499549657,0.675397398807128
69,1,[1 1.5],0.4,1,9,754,0.38070068359375,0.602128959983973,0.194144675674357,0.139633168343094,0.00112897974741406,0.675724495207068
99,1,[1 1.5],0.45,1,9,756,0.38171875,0.602128959983973,0.194144675674357,0.139633168343094,0.00112897974741406,0.675724495207068
8,1,[1 1.5],0.3,1,8,583,0.29906005859375,0.613865395870881,0.150561396928155,0.149220555390587,0.00186517578208478,0.675887763706159
70,1,[1 1.5],0.4,1,10,743,0.3714404296875,0.606141523418094,0.186672052060107,0.136725483620989,0.000942036255632831,0.676186922917295
100,1,[1 1.5],0.45,1,10,745,0.372470703125,0.606141523418094,0.186672052060107,0.136725483620989,0.000942036255632831,0.676186922917295
39,1,[1 1.5],0.35,1,9,688,0.349453125,0.607839557917765,0.173685951013675,0.148316287188282,0.00178788698991635,0.677569075722133
34,1,[1 1.5],0.35,1,4,696,0.3492041015625,0.606951531792476,0.181698182315901,0.143544409587877,0.00140711526584552,0.677581471932269
68,1,[1 1.5],0.4,1,8,744,0.3812451171875,0.599571435882133,0.211448517121189,0.134803124247878,0.000827727271472976,0.677717053231914
98,1,[1 1.5],0.45,1,8,745,0.3819482421875,0.599571435882133,0.211448517121189,0.134803124247878,0.000827727271472976,0.677717053231914
40,1,[1 1.5],0.35,1,10,701,0.349287109375,0.60999281659179,0.183302587669933,0.137879541425299,0.0010142101952668,0.679219773252601
67,1,[1 1.5],0.4,1,7,745,0.376796875,0.603673277138974,0.197600219072965,0.142174439008677,0.00130621268628771,0.67936441724595
97,1,[1 1.5],0.45,1,7,746,0.37749755859375,0.603673277138974,0.197600219072965,0.142174439008677,0.00130621268628771,0.67936441724595
1,1,[1 1.5],0.3,1,1,590,0.29914306640625,0.615480858460748,0.156213644828771,0.153420014307737,0.00224554102066952,0.681383339254165
243,3,[0.8 1.2 1.6 2],0.3,1,3,418,0.29304443359375,0.622048701654337,0.123325722681426,0.168681231212699,0.00392481660079993,0.684836787596836
273,3,[0.8 1.2 1.6 2],0.35,1,3,419,0.294287109375,0.622048701654337,0.123325722681426,0.168681231212699,0.00392481660079993,0.684836787596836
303,3,[0.8 1.2 1.6 2],0.4,1,3,419,0.294287109375,0.622048701654337,0.123325722681426,0.168681231212699,0.00392481660079993,0.684836787596836
333,3,[0.8 1.2 1.6 2],0.45,1,3,421,0.29589599609375,0.622048701654337,0.123325722681426,0.168681231212699,0.00392481660079993,0.684836787596836
128,2,[0.8 1.2 1.8],0.3,1,8,512,0.27390869140625,0.621521125750944,0.142635305961269,0.157940811317085,0.00269443390626227,0.6849156523687
158,2,[0.8 1.2 1.8],0.35,1,8,515,0.27451171875,0.621521125750944,0.142635305961269,0.157940811317085,0.00269443390626227,0.6849156523687
188,2,[0.8 1.2 1.8],0.4,1,8,516,0.27496337890625,0.621521125750944,0.142635305961269,0.157940811317085,0.00269443390626227,0.6849156523687
218,2,[0.8 1.2 1.8],0.45,1,8,516,0.27496337890625,0.621521125750944,0.142635305961269,0.157940811317085,0.00269443390626227,0.6849156523687
5,1,[1 1.5],0.3,1,5,580,0.2990869140625,0.621571508843536,0.149570169838521,0.153163078744256,0.00222125615360866,0.685027349055062
2,1,[1 1.5],0.3,1,2,594,0.299150390625,0.614885178505901,0.171213093253179,0.152424637854746,0.00215219570864256,0.685570739687726
37,1,[1 1.5],0.35,1,7,691,0.3493408203125,0.612333236321154,0.191785547073545,0.143142160212742,0.0013770990872936,0.686343673233363
309,3,[0.8 1.2 1.6 2],0.4,1,9,414,0.28581787109375,0.618565044119336,0.126658135477048,0.174655540758421,0.00470907032660358,0.686440743169321
339,3,[0.8 1.2 1.6 2],0.45,1,9,414,0.28581787109375,0.618565044119336,0.126658135477048,0.174655540758421,0.00470907032660358,0.686440743169321
36,1,[1 1.5],0.35,1,6,690,0.34911865234375,0.611583876239882,0.196630260934628,0.142874345194945,0.00135729396414166,0.68719093738771
121,2,[0.8 1.2 1.8],0.3,1,1,522,0.29568359375,0.621235447628421,0.142509944657678,0.162839477292969,0.00322699012269012,0.687248878872059
151,2,[0.8 1.2 1.8],0.35,1,1,522,0.29568359375,0.621235447628421,0.142509944657678,0.162839477292969,0.00322699012269012,0.687248878872059
181,2,[0.8 1.2 1.8],0.4,1,1,522,0.29568359375,0.621235447628421,0.142509944657678,0.162839477292969,0.00322699012269012,0.687248878872059
211,2,[0.8 1.2 1.8],0.45,1,1,524,0.29633544921875,0.621235447628421,0.142509944657678,0.162839477292969,0.00322699012269012,0.687248878872059
66,1,[1 1.5],0.4,1,6,735,0.37143798828125,0.609132066159167,0.205799369666764,0.141395676629879,0.00125052777560493,0.687414484420559
96,1,[1 1.5],0.45,1,6,736,0.37214599609375,0.609132066159167,0.205799369666764,0.141395676629879,0.00125052777560493,0.687414484420559
10,1,[1 1.5],0.3,1,10,600,0.29955322265625,0.618743012058877,0.175598551074158,0.144084778549614,0.00144794740301478,0.687442241949906
182,2,[0.8 1.2 1.8],0.4,1,2,508,0.28199462890625,0.619393604760399,0.146264865005975,0.164957102862129,0.00347206468995186,0.68794663096225
212,2,[0.8 1.2 1.8],0.45,1,2,508,0.28199462890625,0.619393604760399,0.146264865005975,0.164957102862129,0.00347206468995186,0.68794663096225
248,3,[0.8 1.2 1.6 2],0.3,1,8,411,0.2932666015625,0.621294359027213,0.136033364139898,0.167953439258345,0.00383415634196749,0.688076818186014
278,3,[0.8 1.2 1.6 2],0.35,1,8,411,0.2932666015625,0.621294359027213,0.136033364139898,0.167953439258345,0.00383415634196749,0.688076818186014
308,3,[0.8 1.2 1.6 2],0.4,1,8,411,0.2932666015625,0.621294359027213,0.136033364139898,0.167953439258345,0.00383415634196749,0.688076818186014
338,3,[0.8 1.2 1.6 2],0.45,1,8,413,0.2947216796875,0.621294359027213,0.136033364139898,0.167953439258345,0.00383415634196749,0.688076818186014
122,2,[0.8 1.2 1.8],0.3,1,2,507,0.2815478515625,0.620643425454114,0.142823102279848,0.165490532729727,0.0035352131240596,0.688307576872358
152,2,[0.8 1.2 1.8],0.35,1,2,507,0.2815478515625,0.620643425454114,0.142823102279848,0.165490532729727,0.0035352131240596,0.688307576872358
3,1,[1 1.5],0.3,1,3,593,0.299736328125,0.621824913935108,0.164903353863425,0.14822834046489,0.00178045734934011,0.688443374534007
126,2,[0.8 1.2 1.8],0.3,1,6,516,0.28823974609375,0.623748556277811,0.154293985557277,0.153590861341783,0.00226176211396021,0.689060261792659
156,2,[0.8 1.2 1.8],0.35,1,6,516,0.28823974609375,0.623748556277811,0.154293985557277,0.153590861341783,0.00226176211396021,0.689060261792659
186,2,[0.8 1.2 1.8],0.4,1,6,516,0.28823974609375,0.623748556277811,0.154293985557277,0.153590861341783,0.00226176211396021,0.689060261792659
216,2,[0.8 1.2 1.8],0.45,1,6,516,0.28823974609375,0.623748556277811,0.154293985557277,0.153590861341783,0.00226176211396021,0.689060261792659
249,3,[0.8 1.2 1.6 2],0.3,1,9,412,0.28412353515625,0.621844599944553,0.126351761612386,0.174000644953607,0.00461961782260228,0.689165805621899
279,3,[0.8 1.2 1.6 2],0.35,1,9,412,0.28412353515625,0.621844599944553,0.126351761612386,0.174000644953607,0.00461961782260228,0.689165805621899
4,1,[1 1.5],0.3,1,4,595,0.29958251953125,0.624360907936261,0.162998101800003,0.148217497923069,0.00177954245469169,0.69030795583972
9,1,[1 1.5],0.3,1,9,589,0.29921630859375,0.622092338781278,0.167524330285408,0.15001463664003,0.00193439540234513,0.690397831392896
127,2,[0.8 1.2 1.8],0.3,1,7,509,0.29289794921875,0.628450457416792,0.153247881050451,0.148305858095677,0.00178700514342876,0.691022241501594
157,2,[0.8 1.2 1.8],0.35,1,7,510,0.2933544921875,0.628450457416792,0.153247881050451,0.148305858095677,0.00178700514342876,0.691022241501594
187,2,[0.8 1.2 1.8],0.4,1,7,510,0.2933544921875,0.628450457416792,0.153247881050451,0.148305858095677,0.00178700514342876,0.691022241501594
217,2,[0.8 1.2 1.8],0.45,1,7,510,0.2933544921875,0.628450457416792,0.153247881050451,0.148305858095677,0.00178700514342876,0.691022241501594
368,4,[0.6 1 1.4 1.8],0.3,1,8,515,0.25842041015625,0.628827015788977,0.147846755911492,0.15547387544004,0.00244441257553008,0.69279544323565
398,4,[0.6 1 1.4 1.8],0.35,1,8,516,0.25903564453125,0.628827015788977,0.147846755911492,0.15547387544004,0.00244441257553008,0.69279544323565
428,4,[0.6 1 1.4 1.8],0.4,1,8,516,0.25903564453125,0.628827015788977,0.147846755911492,0.15547387544004,0.00244441257553008,0.69279544323565
458,4,[0.6 1 1.4 1.8],0.45,1,8,516,0.25903564453125,0.628827015788977,0.147846755911492,0.15547387544004,0.00244441257553008,0.69279544323565
302,3,[0.8 1.2 1.6 2],0.4,1,2,409,0.27323974609375,0.626562902924351,0.128662730331462,0.172642971917746,0.00443690508012635,0.693779383940994
332,3,[0.8 1.2 1.6 2],0.45,1,2,411,0.2746826171875,0.626562902924351,0.128662730331462,0.172642971917746,0.00443690508012635,0.693779383940994
392,4,[0.6 1 1.4 1.8],0.35,1,2,508,0.2615869140625,0.625146767373216,0.151394958625088,0.163154485905118,0.00326287849133933,0.694449395348693
422,4,[0.6 1 1.4 1.8],0.4,1,2,508,0.2615869140625,0.625146767373216,0.151394958625088,0.163154485905118,0.00326287849133933,0.694449395348693
452,4,[0.6 1 1.4 1.8],0.45,1,2,508,0.2615869140625,0.625146767373216,0.151394958625088,0.163154485905118,0.00326287849133933,0.694449395348693
362,4,[0.6 1 1.4 1.8],0.3,1,2,507,0.26127685546875,0.626092091130425,0.148537416823607,0.163546104453097,0.00330777162147231,0.694619045126049
361,4,[0.6 1 1.4 1.8],0.3,1,1,522,0.2752685546875,0.629021579617419,0.142880209972567,0.162555176725139,0.0031947706506329,0.695003506360982
391,4,[0.6 1 1.4 1.8],0.35,1,1,522,0.2752685546875,0.629021579617419,0.142880209972567,0.162555176725139,0.0031947706506329,0.695003506360982
421,4,[0.6 1 1.4 1.8],0.4,1,1,524,0.27599853515625,0.629021579617419,0.142880209972567,0.162555176725139,0.0031947706506329,0.695003506360982
451,4,[0.6 1 1.4 1.8],0.45,1,1,525,0.27660888671875,0.629021579617419,0.142880209972567,0.162555176725139,0.0031947706506329,0.695003506360982
489,5,[0.8 1 1.4 1.8 2.2],0.3,1,9,337,0.2516064453125,0.631469898021381,0.114521634695337,0.174628320972301,0.00470533527892231,0.695079146559361
519,5,[0.8 1 1.4 1.8 2.2],0.35,1,9,337,0.2516064453125,0.631469898021381,0.114521634695337,0.174628320972301,0.00470533527892231,0.695079146559361
549,5,[0.8 1 1.4 1.8 2.2],0.4,1,9,338,0.25311279296875,0.631469898021381,0.114521634695337,0.174628320972301,0.00470533527892231,0.695079146559361
579,5,[0.8 1 1.4 1.8 2.2],0.45,1,9,339,0.25372314453125,0.631469898021381,0.114521634695337,0.174628320972301,0.00470533527892231,0.695079146559361
242,3,[0.8 1.2 1.6 2],0.3,1,2,408,0.27244384765625,0.628795231646374,0.130568674362712,0.171122688115516,0.00423668383857885,0.695677686866217
272,3,[0.8 1.2 1.6 2],0.35,1,2,408,0.27244384765625,0.628795231646374,0.130568674362712,0.171122688115516,0.00423668383857885,0.695677686866217
241,3,[0.8 1.2 1.6 2],0.3,1,1,416,0.29162109375,0.627532085843276,0.125749541390585,0.175545733798828,0.00483203761011598,0.69570461338056
271,3,[0.8 1.2 1.6 2],0.35,1,1,416,0.29162109375,0.627532085843276,0.125749541390585,0.175545733798828,0.00483203761011598,0.69570461338056
301,3,[0.8 1.2 1.6 2],0.4,1,1,416,0.29162109375,0.627532085843276,0.125749541390585,0.175545733798828,0.00483203761011598,0.69570461338056
331,3,[0.8 1.2 1.6 2],0.45,1,1,416,0.29162109375,0.627532085843276,0.125749541390585,0.175545733798828,0.00483203761011598,0.69570461338056
7,1,[1 1.5],0.3,1,7,590,0.29939453125,0.624426047661031,0.180874066731483,0.147797460060156,0.0017442806083438,0.696453374058769
130,2,[0.8 1.2 1.8],0.3,1,10,518,0.28544189453125,0.63099120910728,0.162945096485158,0.147610114940477,0.00172866692397142,0.696665327496943
160,2,[0.8 1.2 1.8],0.35,1,10,518,0.28544189453125,0.63099120910728,0.162945096485158,0.147610114940477,0.00172866692397142,0.696665327496943
190,2,[0.8 1.2 1.8],0.4,1,10,519,0.28564208984375,0.63099120910728,0.162945096485158,0.147610114940477,0.00172866692397142,0.696665327496943
220,2,[0.8 1.2 1.8],0.45,1,10,520,0.28665283203125,0.63099120910728,0.162945096485158,0.147610114940477,0.00172866692397142,0.696665327496943
6,1,[1 1.5],0.3,1,6,590,0.29898193359375,0.629084413284722,0.168663141896589,0.147968794887628,0.00175862142009509,0.696909620049004
123,2,[0.8 1.2 1.8],0.3,1,3,506,0.2761474609375,0.635230124682473,0.144072761772926,0.156358340730024,0.00253265255287457,0.69831885406737
153,2,[0.8 1.2 1.8],0.35,1,3,506,0.2761474609375,0.635230124682473,0.144072761772926,0.156358340730024,0.00253265255287457,0.69831885406737
183,2,[0.8 1.2 1.8],0.4,1,3,506,0.2761474609375,0.635230124682473,0.144072761772926,0.156358340730024,0.00253265255287457,0.69831885406737
213,2,[0.8 1.2 1.8],0.45,1,3,506,0.2761474609375,0.635230124682473,0.144072761772926,0.156358340730024,0.00253265255287457,0.69831885406737
20,1,[1 1.5],0.3,1.2,10,521,0.2670068359375,0.629363638232869,0.179907194734142,0.141469072422604,0.00125572412434028,0.69860977701152
50,1,[1 1.5],0.35,1.2,10,522,0.26732421875,0.629363638232869,0.179907194734142,0.141469072422604,0.00125572412434028,0.69860977701152
80,1,[1 1.5],0.4,1.2,10,523,0.26802978515625,0.629363638232869,0.179907194734142,0.141469072422604,0.00125572412434028,0.69860977701152
110,1,[1 1.5],0.45,1.2,10,523,0.26802978515625,0.629363638232869,0.179907194734142,0.141469072422604,0.00125572412434028,0.69860977701152
219,2,[0.8 1.2 1.8],0.45,1,9,509,0.28642333984375,0.631060837671283,0.148365037493598,0.162734097571803,0.00321502869964699,0.699063744292277
129,2,[0.8 1.2 1.8],0.3,1,9,504,0.28410400390625,0.632432620850269,0.144288706125215,0.163560107656887,0.00330938255652184,0.699480580776703
159,2,[0.8 1.2 1.8],0.35,1,9,505,0.2843017578125,0.632432620850269,0.144288706125215,0.163560107656887,0.00330938255652184,0.699480580776703
189,2,[0.8 1.2 1.8],0.4,1,9,507,0.28495361328125,0.632432620850269,0.144288706125215,0.163560107656887,0.00330938255652184,0.699480580776703
366,4,[0.6 1 1.4 1.8],0.3,1,6,516,0.26468017578125,0.633309736632441,0.162516983907437,0.149330277761402,0.00187466513056154,0.699564006652851
396,4,[0.6 1 1.4 1.8],0.35,1,6,516,0.26468017578125,0.633309736632441,0.162516983907437,0.149330277761402,0.00187466513056154,0.699564006652851
426,4,[0.6 1 1.4 1.8],0.4,1,6,516,0.26468017578125,0.633309736632441,0.162516983907437,0.149330277761402,0.00187466513056154,0.699564006652851
456,4,[0.6 1 1.4 1.8],0.45,1,6,516,0.26468017578125,0.633309736632441,0.162516983907437,0.149330277761402,0.00187466513056154,0.699564006652851
11,1,[1 1.5],0.3,1.2,1,521,0.27041015625,0.629175863828275,0.172826829286098,0.150916052516071,0.00201449967025396,0.699737752429679
41,1,[1 1.5],0.35,1.2,1,521,0.27041015625,0.629175863828275,0.172826829286098,0.150916052516071,0.00201449967025396,0.699737752429679
71,1,[1 1.5],0.4,1.2,1,521,0.27041015625,0.629175863828275,0.172826829286098,0.150916052516071,0.00201449967025396,0.699737752429679
101,1,[1 1.5],0.45,1.2,1,522,0.27072509765625,0.629175863828275,0.172826829286098,0.150916052516071,0.00201449967025396,0.699737752429679
370,4,[0.6 1 1.4 1.8],0.3,1,10,518,0.2622900390625,0.635859247335491,0.16393433533264,0.145877510635154,0.00158759503001376,0.701174239851984
400,4,[0.6 1 1.4 1.8],0.35,1,10,518,0.2622900390625,0.635859247335491,0.16393433533264,0.145877510635154,0.00158759503001376,0.701174239851984
430,4,[0.6 1 1.4 1.8],0.4,1,10,520,0.26342041015625,0.635859247335491,0.16393433533264,0.145877510635154,0.00158759503001376,0.701174239851984
460,4,[0.6 1 1.4 1.8],0.45,1,10,520,0.26342041015625,0.635859247335491,0.16393433533264,0.145877510635154,0.00158759503001376,0.701174239851984
488,5,[0.8 1 1.4 1.8 2.2],0.3,1,8,343,0.25236572265625,0.635305582822469,0.125498146187266,0.174183632638483,0.0046445258370239,0.702452563173132
518,5,[0.8 1 1.4 1.8 2.2],0.35,1,8,344,0.25256591796875,0.635305582822469,0.125498146187266,0.174183632638483,0.0046445258370239,0.702452563173132
548,5,[0.8 1 1.4 1.8 2.2],0.4,1,8,344,0.25256591796875,0.635305582822469,0.125498146187266,0.174183632638483,0.0046445258370239,0.702452563173132
578,5,[0.8 1 1.4 1.8 2.2],0.45,1,8,344,0.25256591796875,0.635305582822469,0.125498146187266,0.174183632638483,0.0046445258370239,0.702452563173132
246,3,[0.8 1.2 1.6 2],0.3,1,6,413,0.2759912109375,0.638423417138563,0.140628868648816,0.160529156972445,0.00296984480505482,0.702492745190923
276,3,[0.8 1.2 1.6 2],0.35,1,6,413,0.2759912109375,0.638423417138563,0.140628868648816,0.160529156972445,0.00296984480505482,0.702492745190923
306,3,[0.8 1.2 1.6 2],0.4,1,6,413,0.2759912109375,0.638423417138563,0.140628868648816,0.160529156972445,0.00296984480505482,0.702492745190923
336,3,[0.8 1.2 1.6 2],0.45,1,6,413,0.2759912109375,0.638423417138563,0.140628868648816,0.160529156972445,0.00296984480505482,0.702492745190923
363,4,[0.6 1 1.4 1.8],0.3,1,3,506,0.2559521484375,0.638192946442541,0.149659221333502,0.155449410011429,0.00244199398352862,0.70278364382691
393,4,[0.6 1 1.4 1.8],0.35,1,3,506,0.2559521484375,0.638192946442541,0.149659221333502,0.155449410011429,0.00244199398352862,0.70278364382691
423,4,[0.6 1 1.4 1.8],0.4,1,3,506,0.2559521484375,0.638192946442541,0.149659221333502,0.155449410011429,0.00244199398352862,0.70278364382691
453,4,[0.6 1 1.4 1.8],0.45,1,3,506,0.2559521484375,0.638192946442541,0.149659221333502,0.155449410011429,0.00244199398352862,0.70278364382691
185,2,[0.8 1.2 1.8],0.4,1,5,516,0.2901611328125,0.632857571580066,0.166291683711041,0.154824989967867,0.00238067053338599,0.702963013545861
215,2,[0.8 1.2 1.8],0.45,1,5,516,0.2901611328125,0.632857571580066,0.166291683711041,0.154824989967867,0.00238067053338599,0.702963013545861
335,3,[0.8 1.2 1.6 2],0.45,1,5,418,0.28636474609375,0.636252272023912,0.139624241004648,0.166002947337602,0.00359640963806022,0.70310280456584
13,1,[1 1.5],0.3,1.2,3,515,0.26197509765625,0.634805564811192,0.169639434885184,0.1483126908269,0.00178758286998504,0.703117281370932
43,1,[1 1.5],0.35,1.2,3,515,0.26197509765625,0.634805564811192,0.169639434885184,0.1483126908269,0.00178758286998504,0.703117281370932
73,1,[1 1.5],0.4,1.2,3,515,0.26197509765625,0.634805564811192,0.169639434885184,0.1483126908269,0.00178758286998504,0.703117281370932
103,1,[1 1.5],0.45,1.2,3,516,0.26267333984375,0.634805564811192,0.169639434885184,0.1483126908269,0.00178758286998504,0.703117281370932
485,5,[0.8 1 1.4 1.8 2.2],0.3,1,5,352,0.25074462890625,0.629300870195825,0.114187947454671,0.188944010110907,0.00687425641093495,0.703637933859635
515,5,[0.8 1 1.4 1.8 2.2],0.35,1,5,353,0.25135986328125,0.629300870195825,0.114187947454671,0.188944010110907,0.00687425641093495,0.703637933859635
545,5,[0.8 1 1.4 1.8 2.2],0.4,1,5,353,0.25135986328125,0.629300870195825,0.114187947454671,0.188944010110907,0.00687425641093495,0.703637933859635
575,5,[0.8 1 1.4 1.8 2.2],0.45,1,5,353,0.25135986328125,0.629300870195825,0.114187947454671,0.188944010110907,0.00687425641093495,0.703637933859635
125,2,[0.8 1.2 1.8],0.3,1,5,511,0.287841796875,0.633698832392723,0.164782413265293,0.155647653584805,0.00246162630521656,0.703680808561658
155,2,[0.8 1.2 1.8],0.35,1,5,513,0.288740234375,0.633698832392723,0.164782413265293,0.155647653584805,0.00246162630521656,0.703680808561658
305,3,[0.8 1.2 1.6 2],0.4,1,5,417,0.28556884765625,0.637598873686901,0.137575528392312,0.16672509401575,0.0036835455116839,0.70416803618263
244,3,[0.8 1.2 1.6 2],0.3,1,4,416,0.279794921875,0.641025173335171,0.141866538906605,0.158764622599606,0.00278063725932229,0.704581648249094
274,3,[0.8 1.2 1.6 2],0.35,1,4,417,0.28024169921875,0.641025173335171,0.141866538906605,0.158764622599606,0.00278063725932229,0.704581648249094
304,3,[0.8 1.2 1.6 2],0.4,1,4,417,0.28024169921875,0.641025173335171,0.141866538906605,0.158764622599606,0.00278063725932229,0.704581648249094
334,3,[0.8 1.2 1.6 2],0.45,1,4,417,0.28024169921875,0.641025173335171,0.141866538906605,0.158764622599606,0.00278063725932229,0.704581648249094
247,3,[0.8 1.2 1.6 2],0.3,1,7,410,0.276953125,0.642799500700045,0.144396707347234,0.15395463251397,0.00229649489267807,0.704820822734967
277,3,[0.8 1.2 1.6 2],0.35,1,7,410,0.276953125,0.642799500700045,0.144396707347234,0.15395463251397,0.00229649489267807,0.704820822734967
307,3,[0.8 1.2 1.6 2],0.4,1,7,410,0.276953125,0.642799500700045,0.144396707347234,0.15395463251397,0.00229649489267807,0.704820822734967
337,3,[0.8 1.2 1.6 2],0.45,1,7,410,0.276953125,0.642799500700045,0.144396707347234,0.15395463251397,0.00229649489267807,0.704820822734967
124,2,[0.8 1.2 1.8],0.3,1,4,521,0.2837744140625,0.641815921371509,0.151509562569093,0.150743095633914,0.00199900387526966,0.704839287647039
154,2,[0.8 1.2 1.8],0.35,1,4,521,0.2837744140625,0.641815921371509,0.151509562569093,0.150743095633914,0.00199900387526966,0.704839287647039
184,2,[0.8 1.2 1.8],0.4,1,4,521,0.2837744140625,0.641815921371509,0.151509562569093,0.150743095633914,0.00199900387526966,0.704839287647039
214,2,[0.8 1.2 1.8],0.45,1,4,521,0.2837744140625,0.641815921371509,0.151509562569093,0.150743095633914,0.00199900387526966,0.704839287647039
245,3,[0.8 1.2 1.6 2],0.3,1,5,414,0.2822509765625,0.638201577176406,0.138574746299259,0.166347309075798,0.00363783102012214,0.704891893481758
275,3,[0.8 1.2 1.6 2],0.35,1,5,415,0.283505859375,0.638201577176406,0.138574746299259,0.166347309075798,0.00363783102012214,0.704891893481758
18,1,[1 1.5],0.3,1.2,8,520,0.26658935546875,0.632609902858067,0.18769276635732,0.144909577237871,0.00151139801700888,0.705859361168173
48,1,[1 1.5],0.35,1.2,8,520,0.26658935546875,0.632609902858067,0.18769276635732,0.144909577237871,0.00151139801700888,0.705859361168173
78,1,[1 1.5],0.4,1.2,8,520,0.26658935546875,0.632609902858067,0.18769276635732,0.144909577237871,0.00151139801700888,0.705859361168173
108,1,[1 1.5],0.45,1.2,8,521,0.2672900390625,0.632609902858067,0.18769276635732,0.144909577237871,0.00151139801700888,0.705859361168173
483,5,[0.8 1 1.4 1.8 2.2],0.3,1,3,349,0.245341796875,0.643823321894364,0.121258421338891,0.16890490977412,0.00395289282151564,0.706028233470554
513,5,[0.8 1 1.4 1.8 2.2],0.35,1,3,350,0.2456591796875,0.643823321894364,0.121258421338891,0.16890490977412,0.00395289282151564,0.706028233470554
543,5,[0.8 1 1.4 1.8 2.2],0.4,1,3,350,0.2456591796875,0.643823321894364,0.121258421338891,0.16890490977412,0.00395289282151564,0.706028233470554
573,5,[0.8 1 1.4 1.8 2.2],0.45,1,3,351,0.2471826171875,0.643823321894364,0.121258421338891,0.16890490977412,0.00395289282151564,0.706028233470554
429,4,[0.6 1 1.4 1.8],0.4,1,9,509,0.267060546875,0.638762108038813,0.151463816154377,0.159460524701098,0.00285451380771514,0.70604701273142
459,4,[0.6 1 1.4 1.8],0.45,1,9,509,0.267060546875,0.638762108038813,0.151463816154377,0.159460524701098,0.00285451380771514,0.70604701273142
367,4,[0.6 1 1.4 1.8],0.3,1,7,509,0.26552490234375,0.642134695932064,0.164503014722824,0.141890102314247,0.0012857407876666,0.706139455023386
397,4,[0.6 1 1.4 1.8],0.35,1,7,510,0.266142578125,0.642134695932064,0.164503014722824,0.141890102314247,0.0012857407876666,0.706139455023386
427,4,[0.6 1 1.4 1.8],0.4,1,7,510,0.266142578125,0.642134695932064,0.164503014722824,0.141890102314247,0.0012857407876666,0.706139455023386
457,4,[0.6 1 1.4 1.8],0.45,1,7,510,0.266142578125,0.642134695932064,0.164503014722824,0.141890102314247,0.0012857407876666,0.706139455023386
369,4,[0.6 1 1.4 1.8],0.3,1,9,504,0.26487060546875,0.640340091254445,0.147699051864297,0.159649953444187,0.00287479115621747,0.706408715188036
399,4,[0.6 1 1.4 1.8],0.35,1,9,505,0.26498046875,0.640340091254445,0.147699051864297,0.159649953444187,0.00287479115621747,0.706408715188036
17,1,[1 1.5],0.3,1.2,7,521,0.2672412109375,0.631955097982935,0.197783233956996,0.139366162332041,0.00111110807875697,0.706734770261669
47,1,[1 1.5],0.35,1.2,7,521,0.2672412109375,0.631955097982935,0.197783233956996,0.139366162332041,0.00111110807875697,0.706734770261669
77,1,[1 1.5],0.4,1.2,7,521,0.2672412109375,0.631955097982935,0.197783233956996,0.139366162332041,0.00111110807875697,0.706734770261669
107,1,[1 1.5],0.45,1.2,7,521,0.2672412109375,0.631955097982935,0.197783233956996,0.139366162332041,0.00111110807875697,0.706734770261669
12,1,[1 1.5],0.3,1.2,2,515,0.2552392578125,0.631482174358411,0.190450797902951,0.148009191880055,0.00176201122213002,0.706950009735094
42,1,[1 1.5],0.35,1.2,2,515,0.2552392578125,0.631482174358411,0.190450797902951,0.148009191880055,0.00176201122213002,0.706950009735094
72,1,[1 1.5],0.4,1.2,2,516,0.2555517578125,0.631482174358411,0.190450797902951,0.148009191880055,0.00176201122213002,0.706950009735094
102,1,[1 1.5],0.45,1.2,2,516,0.2555517578125,0.631482174358411,0.190450797902951,0.148009191880055,0.00176201122213002,0.706950009735094
482,5,[0.8 1 1.4 1.8 2.2],0.3,1,2,347,0.26252685546875,0.641059586190121,0.129609423290167,0.171384300294298,0.00427080885543216,0.70777692861884
512,5,[0.8 1 1.4 1.8 2.2],0.35,1,2,347,0.26252685546875,0.641059586190121,0.129609423290167,0.171384300294298,0.00427080885543216,0.70777692861884
542,5,[0.8 1 1.4 1.8 2.2],0.4,1,2,347,0.26252685546875,0.641059586190121,0.129609423290167,0.171384300294298,0.00427080885543216,0.70777692861884
572,5,[0.8 1 1.4 1.8 2.2],0.45,1,2,347,0.26252685546875,0.641059586190121,0.129609423290167,0.171384300294298,0.00427080885543216,0.70777692861884
280,3,[0.8 1.2 1.6 2],0.35,1,10,421,0.2725146484375,0.641966233287784,0.148164474420944,0.160282356047147,0.00294300624986464,0.708538830584438
310,3,[0.8 1.2 1.6 2],0.4,1,10,421,0.2725146484375,0.641966233287784,0.148164474420944,0.160282356047147,0.00294300624986464,0.708538830584438
340,3,[0.8 1.2 1.6 2],0.45,1,10,421,0.2725146484375,0.641966233287784,0.148164474420944,0.160282356047147,0.00294300624986464,0.708538830584438
574,5,[0.8 1 1.4 1.8 2.2],0.45,1,4,347,0.2609814453125,0.643506586359985,0.124541269148645,0.171965633243421,0.00434712867762132,0.708831673950118
250,3,[0.8 1.2 1.6 2],0.3,1,10,420,0.27206298828125,0.642867850569671,0.144790778860654,0.161854412718378,0.00311604413084637,0.709124843825132
484,5,[0.8 1 1.4 1.8 2.2],0.3,1,4,342,0.2592236328125,0.644123352469414,0.12423417404257,0.17215759824642,0.00437247909264954,0.709467708847562
514,5,[0.8 1 1.4 1.8 2.2],0.35,1,4,343,0.2595361328125,0.644123352469414,0.12423417404257,0.17215759824642,0.00437247909264954,0.709467708847562
544,5,[0.8 1 1.4 1.8 2.2],0.4,1,4,346,0.26036865234375,0.644123352469414,0.12423417404257,0.17215759824642,0.00437247909264954,0.709467708847562
16,1,[1 1.5],0.3,1.2,6,524,0.2665380859375,0.635002995506332,0.198858789644675,0.141580365845222,0.00126362414207254,0.710921692592331
46,1,[1 1.5],0.35,1.2,6,524,0.2665380859375,0.635002995506332,0.198858789644675,0.141580365845222,0.00126362414207254,0.710921692592331
76,1,[1 1.5],0.4,1.2,6,524,0.2665380859375,0.635002995506332,0.198858789644675,0.141580365845222,0.00126362414207254,0.710921692592331
106,1,[1 1.5],0.45,1.2,6,524,0.2665380859375,0.635002995506332,0.198858789644675,0.141580365845222,0.00126362414207254,0.710921692592331
481,5,[0.8 1 1.4 1.8 2.2],0.3,1,1,346,0.2564404296875,0.64992201535266,0.138976065913283,0.15912716849463,0.0028190040564818,0.712658658704718
511,5,[0.8 1 1.4 1.8 2.2],0.35,1,1,346,0.2564404296875,0.64992201535266,0.138976065913283,0.15912716849463,0.0028190040564818,0.712658658704718
541,5,[0.8 1 1.4 1.8 2.2],0.4,1,1,347,0.256748046875,0.64992201535266,0.138976065913283,0.15912716849463,0.0028190040564818,0.712658658704718
571,5,[0.8 1 1.4 1.8 2.2],0.45,1,1,347,0.256748046875,0.64992201535266,0.138976065913283,0.15912716849463,0.0028190040564818,0.712658658704718
425,4,[0.6 1 1.4 1.8],0.4,1,5,516,0.2707958984375,0.642855369784228,0.174750733079073,0.150601025253279,0.00198632006298861,0.713949726676847
455,4,[0.6 1 1.4 1.8],0.45,1,5,516,0.2707958984375,0.642855369784228,0.174750733079073,0.150601025253279,0.00198632006298861,0.713949726676847
365,4,[0.6 1 1.4 1.8],0.3,1,5,513,0.26934326171875,0.64414498342673,0.171804840554622,0.15176461072226,0.0020913916993611,0.714733636117654
395,4,[0.6 1 1.4 1.8],0.35,1,5,513,0.26934326171875,0.64414498342673,0.171804840554622,0.15176461072226,0.0020913916993611,0.714733636117654
487,5,[0.8 1 1.4 1.8 2.2],0.3,1,7,342,0.2622900390625,0.654423848569524,0.155832878982126,0.145932870253582,0.00159200966240857,0.716925404525311
517,5,[0.8 1 1.4 1.8 2.2],0.35,1,7,342,0.2622900390625,0.654423848569524,0.155832878982126,0.145932870253582,0.00159200966240857,0.716925404525311
547,5,[0.8 1 1.4 1.8 2.2],0.4,1,7,342,0.2622900390625,0.654423848569524,0.155832878982126,0.145932870253582,0.00159200966240857,0.716925404525311
577,5,[0.8 1 1.4 1.8 2.2],0.45,1,7,343,0.26330078125,0.654423848569524,0.155832878982126,0.145932870253582,0.00159200966240857,0.716925404525311
14,1,[1 1.5],0.3,1.2,4,527,0.26382568359375,0.645813273093055,0.187228727038306,0.139968846855192,0.00115165022077482,0.717101578660336
44,1,[1 1.5],0.35,1.2,4,527,0.26382568359375,0.645813273093055,0.187228727038306,0.139968846855192,0.00115165022077482,0.717101578660336
74,1,[1 1.5],0.4,1.2,4,527,0.26382568359375,0.645813273093055,0.187228727038306,0.139968846855192,0.00115165022077482,0.717101578660336
104,1,[1 1.5],0.45,1.2,4,527,0.26382568359375,0.645813273093055,0.187228727038306,0.139968846855192,0.00115165022077482,0.717101578660336
139,2,[0.8 1.2 1.8],0.3,1.2,9,368,0.20382568359375,0.651238419467045,0.151624258908226,0.157731374863887,0.00267273494152384,0.717670584792543
169,2,[0.8 1.2 1.8],0.35,1.2,9,368,0.20382568359375,0.651238419467045,0.151624258908226,0.157731374863887,0.00267273494152384,0.717670584792543
199,2,[0.8 1.2 1.8],0.4,1.2,9,369,0.2040234375,0.651238419467045,0.151624258908226,0.157731374863887,0.00267273494152384,0.717670584792543
229,2,[0.8 1.2 1.8],0.45,1.2,9,370,0.20422119140625,0.651238419467045,0.151624258908226,0.157731374863887,0.00267273494152384,0.717670584792543
364,4,[0.6 1 1.4 1.8],0.3,1,4,521,0.26487060546875,0.653498452593321,0.163194951589386,0.145868014279055,0.0015868383624875,0.718550877462044
394,4,[0.6 1 1.4 1.8],0.35,1,4,521,0.26487060546875,0.653498452593321,0.163194951589386,0.145868014279055,0.0015868383624875,0.718550877462044
424,4,[0.6 1 1.4 1.8],0.4,1,4,521,0.26487060546875,0.653498452593321,0.163194951589386,0.145868014279055,0.0015868383624875,0.718550877462044
454,4,[0.6 1 1.4 1.8],0.45,1,4,521,0.26487060546875,0.653498452593321,0.163194951589386,0.145868014279055,0.0015868383624875,0.718550877462044
490,5,[0.8 1 1.4 1.8 2.2],0.3,1,10,338,0.2254150390625,0.65687393768718,0.142190340663246,0.156070051221552,0.00250371905585994,0.719159152198615
520,5,[0.8 1 1.4 1.8 2.2],0.35,1,10,338,0.2254150390625,0.65687393768718,0.142190340663246,0.156070051221552,0.00250371905585994,0.719159152198615
550,5,[0.8 1 1.4 1.8 2.2],0.4,1,10,338,0.2254150390625,0.65687393768718,0.142190340663246,0.156070051221552,0.00250371905585994,0.719159152198615
580,5,[0.8 1 1.4 1.8 2.2],0.45,1,10,338,0.2254150390625,0.65687393768718,0.142190340663246,0.156070051221552,0.00250371905585994,0.719159152198615
486,5,[0.8 1 1.4 1.8 2.2],0.3,1,6,335,0.242333984375,0.656042955232922,0.13898202115204,0.161476423061029,0.00307398707880774,0.720056598030175
516,5,[0.8 1 1.4 1.8 2.2],0.35,1,6,335,0.242333984375,0.656042955232922,0.13898202115204,0.161476423061029,0.00307398707880774,0.720056598030175
546,5,[0.8 1 1.4 1.8 2.2],0.4,1,6,335,0.242333984375,0.656042955232922,0.13898202115204,0.161476423061029,0.00307398707880774,0.720056598030175
576,5,[0.8 1 1.4 1.8 2.2],0.45,1,6,335,0.242333984375,0.656042955232922,0.13898202115204,0.161476423061029,0.00307398707880774,0.720056598030175
19,1,[1 1.5],0.3,1.2,9,509,0.2653076171875,0.64649591875787,0.186426849011953,0.147595046667923,0.00172741415664182,0.720382386695263
49,1,[1 1.5],0.35,1.2,9,510,0.265625,0.64649591875787,0.186426849011953,0.147595046667923,0.00172741415664182,0.720382386695263
79,1,[1 1.5],0.4,1.2,9,512,0.26664794921875,0.64649591875787,0.186426849011953,0.147595046667923,0.00172741415664182,0.720382386695263
109,1,[1 1.5],0.45,1.2,9,513,0.26735595703125,0.64649591875787,0.186426849011953,0.147595046667923,0.00172741415664182,0.720382386695263
253,3,[0.8 1.2 1.6 2],0.3,1.2,3,294,0.20185302734375,0.659663178810962,0.134888485234039,0.160279381587701,0.00294268353294631,0.721587566307607
283,3,[0.8 1.2 1.6 2],0.35,1.2,3,294,0.20185302734375,0.659663178810962,0.134888485234039,0.160279381587701,0.00294268353294631,0.721587566307607
313,3,[0.8 1.2 1.6 2],0.4,1.2,3,294,0.20185302734375,0.659663178810962,0.134888485234039,0.160279381587701,0.00294268353294631,0.721587566307607
343,3,[0.8 1.2 1.6 2],0.45,1.2,3,294,0.20185302734375,0.659663178810962,0.134888485234039,0.160279381587701,0.00294268353294631,0.721587566307607
15,1,[1 1.5],0.3,1.2,5,521,0.26690673828125,0.639552729956268,0.220758571970236,0.137904809916665,0.0010158202682207,0.721897331486954
45,1,[1 1.5],0.35,1.2,5,522,0.26721923828125,0.639302015517958,0.22161135388424,0.137923646739997,0.0010170213550806,0.721951096152845
75,1,[1 1.5],0.4,1.2,5,524,0.26824462890625,0.639302015517958,0.22161135388424,0.137923646739997,0.0010170213550806,0.721951096152845
105,1,[1 1.5],0.45,1.2,5,524,0.26824462890625,0.639302015517958,0.22161135388424,0.137923646739997,0.0010170213550806,0.721951096152845
495,5,[0.8 1 1.4 1.8 2.2],0.3,1.2,5,241,0.17882568359375,0.657051651343533,0.123236755931832,0.17438319776841,0.00467176669307631,0.723543349385056
525,5,[0.8 1 1.4 1.8 2.2],0.35,1.2,5,241,0.17882568359375,0.657051651343533,0.123236755931832,0.17438319776841,0.00467176669307631,0.723543349385056
555,5,[0.8 1 1.4 1.8 2.2],0.4,1.2,5,241,0.17882568359375,0.657051651343533,0.123236755931832,0.17438319776841,0.00467176669307631,0.723543349385056
585,5,[0.8 1 1.4 1.8 2.2],0.45,1.2,5,241,0.17882568359375,0.657051651343533,0.123236755931832,0.17438319776841,0.00467176669307631,0.723543349385056
256,3,[0.8 1.2 1.6 2],0.3,1.2,6,293,0.192666015625,0.659881016872149,0.139491956681529,0.160969075875471,0.0030179862233186,0.723793132827277
286,3,[0.8 1.2 1.6 2],0.35,1.2,6,293,0.192666015625,0.659881016872149,0.139491956681529,0.160969075875471,0.0030179862233186,0.723793132827277
316,3,[0.8 1.2 1.6 2],0.4,1.2,6,293,0.192666015625,0.659881016872149,0.139491956681529,0.160969075875471,0.0030179862233186,0.723793132827277
346,3,[0.8 1.2 1.6 2],0.45,1.2,6,293,0.192666015625,0.659881016872149,0.139491956681529,0.160969075875471,0.0030179862233186,0.723793132827277
379,4,[0.6 1 1.4 1.8],0.3,1.2,9,368,0.18599853515625,0.65971759701516,0.151431494685934,0.154254888154927,0.00232536260247409,0.724345433167607
409,4,[0.6 1 1.4 1.8],0.35,1.2,9,368,0.18599853515625,0.65971759701516,0.151431494685934,0.154254888154927,0.00232536260247409,0.724345433167607
439,4,[0.6 1 1.4 1.8],0.4,1.2,9,369,0.1861083984375,0.65971759701516,0.151431494685934,0.154254888154927,0.00232536260247409,0.724345433167607
469,4,[0.6 1 1.4 1.8],0.45,1.2,9,370,0.186220703125,0.65971759701516,0.151431494685934,0.154254888154927,0.00232536260247409,0.724345433167607
498,5,[0.8 1 1.4 1.8 2.2],0.3,1.2,8,248,0.1884716796875,0.66288282571132,0.136270720274976,0.159128605482122,0.00281915665021954,0.72467336105866
528,5,[0.8 1 1.4 1.8 2.2],0.35,1.2,8,248,0.1884716796875,0.66288282571132,0.136270720274976,0.159128605482122,0.00281915665021954,0.72467336105866
558,5,[0.8 1 1.4 1.8 2.2],0.4,1.2,8,248,0.1884716796875,0.66288282571132,0.136270720274976,0.159128605482122,0.00281915665021954,0.72467336105866
588,5,[0.8 1 1.4 1.8 2.2],0.45,1.2,8,248,0.1884716796875,0.66288282571132,0.136270720274976,0.159128605482122,0.00281915665021954,0.72467336105866
344,3,[0.8 1.2 1.6 2],0.45,1.2,4,289,0.20220703125,0.664616357294188,0.134407590780962,0.160174529973543,0.00293131885914281,0.726315608363239
255,3,[0.8 1.2 1.6 2],0.3,1.2,5,299,0.21067626953125,0.659104725861388,0.135022894093741,0.169623185398891,0.00404372764224605,0.726581377005427
285,3,[0.8 1.2 1.6 2],0.35,1.2,5,299,0.21067626953125,0.659104725861388,0.135022894093741,0.169623185398891,0.00404372764224605,0.726581377005427
315,3,[0.8 1.2 1.6 2],0.4,1.2,5,299,0.21067626953125,0.659104725861388,0.135022894093741,0.169623185398891,0.00404372764224605,0.726581377005427
345,3,[0.8 1.2 1.6 2],0.45,1.2,5,299,0.21067626953125,0.659104725861388,0.135022894093741,0.169623185398891,0.00404372764224605,0.726581377005427
348,3,[0.8 1.2 1.6 2],0.45,1.2,8,289,0.20109130859375,0.660432600504981,0.143389456575934,0.162574815187151,0.0031969910584728,0.726603865598922
258,3,[0.8 1.2 1.6 2],0.3,1.2,8,287,0.19859130859375,0.661327728131006,0.142577407825001,0.161486356950324,0.00307508871763725,0.726605264457943
288,3,[0.8 1.2 1.6 2],0.35,1.2,8,288,0.19984375,0.661327728131006,0.142577407825001,0.161486356950324,0.00307508871763725,0.726605264457943
318,3,[0.8 1.2 1.6 2],0.4,1.2,8,288,0.19984375,0.661327728131006,0.142577407825001,0.161486356950324,0.00307508871763725,0.726605264457943
132,2,[0.8 1.2 1.8],0.3,1.2,2,368,0.20673828125,0.661993861666555,0.151448266075489,0.154446659353064,0.00234389456534309,0.726720227619691
162,2,[0.8 1.2 1.8],0.35,1.2,2,369,0.20774169921875,0.661993861666555,0.151448266075489,0.154446659353064,0.00234389456534309,0.726720227619691
192,2,[0.8 1.2 1.8],0.4,1.2,2,369,0.20774169921875,0.661993861666555,0.151448266075489,0.154446659353064,0.00234389456534309,0.726720227619691
222,2,[0.8 1.2 1.8],0.45,1.2,2,369,0.20774169921875,0.661993861666555,0.151448266075489,0.154446659353064,0.00234389456534309,0.726720227619691
492,5,[0.8 1 1.4 1.8 2.2],0.3,1.2,2,241,0.17691650390625,0.658935921268177,0.127963024926425,0.17465953773157,0.00470961890848834,0.727271074534867
522,5,[0.8 1 1.4 1.8 2.2],0.35,1.2,2,241,0.17691650390625,0.658935921268177,0.127963024926425,0.17465953773157,0.00470961890848834,0.727271074534867
552,5,[0.8 1 1.4 1.8 2.2],0.4,1.2,2,241,0.17691650390625,0.658935921268177,0.127963024926425,0.17465953773157,0.00470961890848834,0.727271074534867
582,5,[0.8 1 1.4 1.8 2.2],0.45,1.2,2,241,0.17691650390625,0.658935921268177,0.127963024926425,0.17465953773157,0.00470961890848834,0.727271074534867
254,3,[0.8 1.2 1.6 2],0.3,1.2,4,288,0.2014111328125,0.666023915075007,0.135764364467879,0.160100526004799,0.00292331094096907,0.72815799734361
284,3,[0.8 1.2 1.6 2],0.35,1.2,4,288,0.2014111328125,0.666023915075007,0.135764364467879,0.160100526004799,0.00292331094096907,0.72815799734361
314,3,[0.8 1.2 1.6 2],0.4,1.2,4,288,0.2014111328125,0.666023915075007,0.135764364467879,0.160100526004799,0.00292331094096907,0.72815799734361
133,2,[0.8 1.2 1.8],0.3,1.2,3,366,0.19935791015625,0.666573953807791,0.149992733495848,0.14928080246246,0.00187038327442561,0.728423326903466
163,2,[0.8 1.2 1.8],0.35,1.2,3,366,0.19935791015625,0.666573953807791,0.149992733495848,0.14928080246246,0.00187038327442561,0.728423326903466
193,2,[0.8 1.2 1.8],0.4,1.2,3,366,0.19935791015625,0.666573953807791,0.149992733495848,0.14928080246246,0.00187038327442561,0.728423326903466
223,2,[0.8 1.2 1.8],0.45,1.2,3,366,0.19935791015625,0.666573953807791,0.149992733495848,0.14928080246246,0.00187038327442561,0.728423326903466
138,2,[0.8 1.2 1.8],0.3,1.2,8,361,0.19052001953125,0.662429151862369,0.161753369499392,0.151776947009182,0.00209252017118444,0.729505432043078
168,2,[0.8 1.2 1.8],0.35,1.2,8,362,0.19072509765625,0.662429151862369,0.161753369499392,0.151776947009182,0.00209252017118444,0.729505432043078
198,2,[0.8 1.2 1.8],0.4,1.2,8,362,0.19072509765625,0.662429151862369,0.161753369499392,0.151776947009182,0.00209252017118444,0.729505432043078
228,2,[0.8 1.2 1.8],0.45,1.2,8,362,0.19072509765625,0.662429151862369,0.161753369499392,0.151776947009182,0.00209252017118444,0.729505432043078
282,3,[0.8 1.2 1.6 2],0.35,1.2,2,294,0.198037109375,0.665091270547508,0.138550783170097,0.163569902126661,0.00331050954994649,0.730136592406775
312,3,[0.8 1.2 1.6 2],0.4,1.2,2,294,0.198037109375,0.665091270547508,0.138550783170097,0.163569902126661,0.00331050954994649,0.730136592406775
342,3,[0.8 1.2 1.6 2],0.45,1.2,2,295,0.19849609375,0.665091270547508,0.138550783170097,0.163569902126661,0.00331050954994649,0.730136592406775
499,5,[0.8 1 1.4 1.8 2.2],0.3,1.2,9,235,0.17748046875,0.664452509720408,0.127141118227168,0.171495872515574,0.00428540411127513,0.730378921656292
529,5,[0.8 1 1.4 1.8 2.2],0.35,1.2,9,237,0.180029296875,0.664452509720408,0.127141118227168,0.171495872515574,0.00428540411127513,0.730378921656292
559,5,[0.8 1 1.4 1.8 2.2],0.4,1.2,9,237,0.180029296875,0.664452509720408,0.127141118227168,0.171495872515574,0.00428540411127513,0.730378921656292
589,5,[0.8 1 1.4 1.8 2.2],0.45,1.2,9,237,0.180029296875,0.664452509720408,0.127141118227168,0.171495872515574,0.00428540411127513,0.730378921656292
252,3,[0.8 1.2 1.6 2],0.3,1.2,2,291,0.195185546875,0.665572268313992,0.139524361638585,0.163351618945695,0.00328543846665918,0.730832987220793
373,4,[0.6 1 1.4 1.8],0.3,1.2,3,366,0.18734130859375,0.668914105811083,0.150897494715934,0.149345474944523,0.00187598135864849,0.731108135754903
403,4,[0.6 1 1.4 1.8],0.35,1.2,3,366,0.18734130859375,0.668914105811083,0.150897494715934,0.149345474944523,0.00187598135864849,0.731108135754903
433,4,[0.6 1 1.4 1.8],0.4,1.2,3,366,0.18734130859375,0.668914105811083,0.150897494715934,0.149345474944523,0.00187598135864849,0.731108135754903
463,4,[0.6 1 1.4 1.8],0.45,1.2,3,366,0.18734130859375,0.668914105811083,0.150897494715934,0.149345474944523,0.00187598135864849,0.731108135754903
378,4,[0.6 1 1.4 1.8],0.3,1.2,8,362,0.18299072265625,0.664267727031005,0.160194783560908,0.152614284691238,0.00216982777689018,0.731185040161773
408,4,[0.6 1 1.4 1.8],0.35,1.2,8,362,0.18299072265625,0.664267727031005,0.160194783560908,0.152614284691238,0.00216982777689018,0.731185040161773
438,4,[0.6 1 1.4 1.8],0.4,1.2,8,362,0.18299072265625,0.664267727031005,0.160194783560908,0.152614284691238,0.00216982777689018,0.731185040161773
468,4,[0.6 1 1.4 1.8],0.45,1.2,8,362,0.18299072265625,0.664267727031005,0.160194783560908,0.152614284691238,0.00216982777689018,0.731185040161773
259,3,[0.8 1.2 1.6 2],0.3,1.2,9,286,0.191611328125,0.664966039855231,0.138676498265165,0.166531007572904,0.00366002410723657,0.731802934784221
289,3,[0.8 1.2 1.6 2],0.35,1.2,9,286,0.191611328125,0.664966039855231,0.138676498265165,0.166531007572904,0.00366002410723657,0.731802934784221
319,3,[0.8 1.2 1.6 2],0.4,1.2,9,286,0.191611328125,0.664966039855231,0.138676498265165,0.166531007572904,0.00366002410723657,0.731802934784221
349,3,[0.8 1.2 1.6 2],0.45,1.2,9,286,0.191611328125,0.664966039855231,0.138676498265165,0.166531007572904,0.00366002410723657,0.731802934784221
134,2,[0.8 1.2 1.8],0.3,1.2,4,362,0.1994677734375,0.672403053427334,0.156976054822384,0.149548469672394,0.0018936070245957,0.736812707738146
164,2,[0.8 1.2 1.8],0.35,1.2,4,363,0.19991455078125,0.672403053427334,0.156976054822384,0.149548469672394,0.0018936070245957,0.736812707738146
194,2,[0.8 1.2 1.8],0.4,1.2,4,363,0.19991455078125,0.672403053427334,0.156976054822384,0.149548469672394,0.0018936070245957,0.736812707738146
224,2,[0.8 1.2 1.8],0.45,1.2,4,363,0.19991455078125,0.672403053427334,0.156976054822384,0.149548469672394,0.0018936070245957,0.736812707738146
135,2,[0.8 1.2 1.8],0.3,1.2,5,365,0.19696044921875,0.669905634918904,0.156638255572281,0.156073604088841,0.0025040746193797,0.737249397466101
165,2,[0.8 1.2 1.8],0.35,1.2,5,366,0.1971630859375,0.669905634918904,0.156638255572281,0.156073604088841,0.0025040746193797,0.737249397466101
195,2,[0.8 1.2 1.8],0.4,1.2,5,366,0.1971630859375,0.669905634918904,0.156638255572281,0.156073604088841,0.0025040746193797,0.737249397466101
225,2,[0.8 1.2 1.8],0.45,1.2,5,366,0.1971630859375,0.669905634918904,0.156638255572281,0.156073604088841,0.0025040746193797,0.737249397466101
372,4,[0.6 1 1.4 1.8],0.3,1.2,2,368,0.19415283203125,0.67167331206402,0.163909387828319,0.149786389869269,0.00191437010856446,0.738613448346753
402,4,[0.6 1 1.4 1.8],0.35,1.2,2,369,0.19515625,0.67167331206402,0.163909387828319,0.149786389869269,0.00191437010856446,0.738613448346753
432,4,[0.6 1 1.4 1.8],0.4,1.2,2,369,0.19515625,0.67167331206402,0.163909387828319,0.149786389869269,0.00191437010856446,0.738613448346753
462,4,[0.6 1 1.4 1.8],0.45,1.2,2,370,0.19547119140625,0.67167331206402,0.163909387828319,0.149786389869269,0.00191437010856446,0.738613448346753
257,3,[0.8 1.2 1.6 2],0.3,1.2,7,292,0.20181396484375,0.675171273059631,0.15723972208199,0.149923260106316,0.00192636595007107,0.739837005538683
287,3,[0.8 1.2 1.6 2],0.35,1.2,7,292,0.20181396484375,0.675171273059631,0.15723972208199,0.149923260106316,0.00192636595007107,0.739837005538683
317,3,[0.8 1.2 1.6 2],0.4,1.2,7,292,0.20181396484375,0.675171273059631,0.15723972208199,0.149923260106316,0.00192636595007107,0.739837005538683
347,3,[0.8 1.2 1.6 2],0.45,1.2,7,292,0.20181396484375,0.675171273059631,0.15723972208199,0.149923260106316,0.00192636595007107,0.739837005538683
375,4,[0.6 1 1.4 1.8],0.3,1.2,5,365,0.1866748046875,0.673482900960377,0.157337355788454,0.155287276409056,0.00242599610898994,0.740680956031286
405,4,[0.6 1 1.4 1.8],0.35,1.2,5,366,0.18679443359375,0.673482900960377,0.157337355788454,0.155287276409056,0.00242599610898994,0.740680956031286
435,4,[0.6 1 1.4 1.8],0.4,1.2,5,366,0.18679443359375,0.673482900960377,0.157337355788454,0.155287276409056,0.00242599610898994,0.740680956031286
465,4,[0.6 1 1.4 1.8],0.45,1.2,5,366,0.18679443359375,0.673482900960377,0.157337355788454,0.155287276409056,0.00242599610898994,0.740680956031286
28,1,[1 1.5],0.3,1.5,8,340,0.17576416015625,0.67374199013775,0.173578738833733,0.145466448344894,0.0015550067474385,0.742269582466749
58,1,[1 1.5],0.35,1.5,8,340,0.17576416015625,0.67374199013775,0.173578738833733,0.145466448344894,0.0015550067474385,0.742269582466749
88,1,[1 1.5],0.4,1.5,8,341,0.17646728515625,0.67374199013775,0.173578738833733,0.145466448344894,0.0015550067474385,0.742269582466749
118,1,[1 1.5],0.45,1.5,8,341,0.17646728515625,0.67374199013775,0.173578738833733,0.145466448344894,0.0015550067474385,0.742269582466749
260,3,[0.8 1.2 1.6 2],0.3,1.2,10,296,0.19556884765625,0.676722102332802,0.160756230033057,0.152184647416967,0.0021299861448514,0.743636713568629
290,3,[0.8 1.2 1.6 2],0.35,1.2,10,297,0.19576904296875,0.676722102332802,0.160756230033057,0.152184647416967,0.0021299861448514,0.743636713568629
320,3,[0.8 1.2 1.6 2],0.4,1.2,10,298,0.1970166015625,0.676722102332802,0.160756230033057,0.152184647416967,0.0021299861448514,0.743636713568629
350,3,[0.8 1.2 1.6 2],0.45,1.2,10,298,0.1970166015625,0.676722102332802,0.160756230033057,0.152184647416967,0.0021299861448514,0.743636713568629
23,1,[1 1.5],0.3,1.5,3,343,0.17514892578125,0.676824938733593,0.169987004241274,0.144842007664469,0.0015061488182154,0.743851134309116
53,1,[1 1.5],0.35,1.5,3,343,0.17514892578125,0.676824938733593,0.169987004241274,0.144842007664469,0.0015061488182154,0.743851134309116
83,1,[1 1.5],0.4,1.5,3,344,0.175458984375,0.676824938733593,0.169987004241274,0.144842007664469,0.0015061488182154,0.743851134309116
113,1,[1 1.5],0.45,1.5,3,344,0.175458984375,0.676824938733593,0.169987004241274,0.144842007664469,0.0015061488182154,0.743851134309116
496,5,[0.8 1 1.4 1.8 2.2],0.3,1.2,6,244,0.17543212890625,0.680205533260047,0.150075458138072,0.154143426420685,0.0023146252076475,0.744305069646609
526,5,[0.8 1 1.4 1.8 2.2],0.35,1.2,6,244,0.17543212890625,0.680205533260047,0.150075458138072,0.154143426420685,0.0023146252076475,0.744305069646609
556,5,[0.8 1 1.4 1.8 2.2],0.4,1.2,6,244,0.17543212890625,0.680205533260047,0.150075458138072,0.154143426420685,0.0023146252076475,0.744305069646609
586,5,[0.8 1 1.4 1.8 2.2],0.45,1.2,6,244,0.17543212890625,0.680205533260047,0.150075458138072,0.154143426420685,0.0023146252076475,0.744305069646609
29,1,[1 1.5],0.3,1.5,9,333,0.1728076171875,0.673454340192183,0.180879029559246,0.145294255055898,0.00154145600440737,0.744469280559956
59,1,[1 1.5],0.35,1.5,9,333,0.1728076171875,0.673454340192183,0.180879029559246,0.145294255055898,0.00154145600440737,0.744469280559956
89,1,[1 1.5],0.4,1.5,9,333,0.1728076171875,0.673454340192183,0.180879029559246,0.145294255055898,0.00154145600440737,0.744469280559956
119,1,[1 1.5],0.45,1.5,9,333,0.1728076171875,0.673454340192183,0.180879029559246,0.145294255055898,0.00154145600440737,0.744469280559956
166,2,[0.8 1.2 1.8],0.35,1.2,6,363,0.19691650390625,0.677645262734435,0.174279543349056,0.142023628970141,0.001295334408478,0.745119774948994
196,2,[0.8 1.2 1.8],0.4,1.2,6,363,0.19691650390625,0.677645262734435,0.174279543349056,0.142023628970141,0.001295334408478,0.745119774948994
226,2,[0.8 1.2 1.8],0.45,1.2,6,363,0.19691650390625,0.677645262734435,0.174279543349056,0.142023628970141,0.001295334408478,0.745119774948994
136,2,[0.8 1.2 1.8],0.3,1.2,6,362,0.19671630859375,0.678489465989001,0.174482217269689,0.14237093217119,0.0013204544364738,0.746160514215761
25,1,[1 1.5],0.3,1.5,5,347,0.173291015625,0.674872557070563,0.17979540547185,0.148988005292398,0.00184514326276216,0.747026665299522
55,1,[1 1.5],0.35,1.5,5,349,0.17429443359375,0.674872557070563,0.17979540547185,0.148988005292398,0.00184514326276216,0.747026665299522
85,1,[1 1.5],0.4,1.5,5,349,0.17429443359375,0.674872557070563,0.17979540547185,0.148988005292398,0.00184514326276216,0.747026665299522
115,1,[1 1.5],0.45,1.5,5,349,0.17429443359375,0.674872557070563,0.17979540547185,0.148988005292398,0.00184514326276216,0.747026665299522
137,2,[0.8 1.2 1.8],0.3,1.2,7,360,0.2077978515625,0.67683951275172,0.187390978947989,0.136713177307074,0.000941280981312354,0.747132760290078
167,2,[0.8 1.2 1.8],0.35,1.2,7,361,0.20799560546875,0.67683951275172,0.187390978947989,0.136713177307074,0.000941280981312354,0.747132760290078
197,2,[0.8 1.2 1.8],0.4,1.2,7,362,0.20844482421875,0.67683951275172,0.187390978947989,0.136713177307074,0.000941280981312354,0.747132760290078
227,2,[0.8 1.2 1.8],0.45,1.2,7,363,0.208642578125,0.67683951275172,0.187390978947989,0.136713177307074,0.000941280981312354,0.747132760290078
374,4,[0.6 1 1.4 1.8],0.3,1.2,4,362,0.18679443359375,0.682868211521054,0.171065026433199,0.140622857431784,0.00119646692032444,0.748723305374296
404,4,[0.6 1 1.4 1.8],0.35,1.2,4,363,0.18710205078125,0.682868211521054,0.171065026433199,0.140622857431784,0.00119646692032444,0.748723305374296
434,4,[0.6 1 1.4 1.8],0.4,1.2,4,363,0.18710205078125,0.682868211521054,0.171065026433199,0.140622857431784,0.00119646692032444,0.748723305374296
464,4,[0.6 1 1.4 1.8],0.45,1.2,4,363,0.18710205078125,0.682868211521054,0.171065026433199,0.140622857431784,0.00119646692032444,0.748723305374296
21,1,[1 1.5],0.3,1.5,1,340,0.17100830078125,0.676025535252272,0.191681155815559,0.142209196380269,0.00130872626593874,0.749657571117411
51,1,[1 1.5],0.35,1.5,1,340,0.17100830078125,0.676025535252272,0.191681155815559,0.142209196380269,0.00130872626593874,0.749657571117411
81,1,[1 1.5],0.4,1.5,1,340,0.17100830078125,0.676025535252272,0.191681155815559,0.142209196380269,0.00130872626593874,0.749657571117411
111,1,[1 1.5],0.45,1.5,1,340,0.17100830078125,0.676025535252272,0.191681155815559,0.142209196380269,0.00130872626593874,0.749657571117411
251,3,[0.8 1.2 1.6 2],0.3,1.2,1,287,0.19435791015625,0.681982150766371,0.167709543436006,0.148458306323776,0.00179991726678711,0.749680077302909
281,3,[0.8 1.2 1.6 2],0.35,1.2,1,287,0.19435791015625,0.681982150766371,0.167709543436006,0.148458306323776,0.00179991726678711,0.749680077302909
311,3,[0.8 1.2 1.6 2],0.4,1.2,1,287,0.19435791015625,0.681982150766371,0.167709543436006,0.148458306323776,0.00179991726678711,0.749680077302909
341,3,[0.8 1.2 1.6 2],0.45,1.2,1,287,0.19435791015625,0.681982150766371,0.167709543436006,0.148458306323776,0.00179991726678711,0.749680077302909
500,5,[0.8 1 1.4 1.8 2.2],0.3,1.2,10,238,0.1587744140625,0.687561071730949,0.147931356854327,0.153410623210768,0.00224465107441188,0.750560302002023
530,5,[0.8 1 1.4 1.8 2.2],0.35,1.2,10,238,0.1587744140625,0.687561071730949,0.147931356854327,0.153410623210768,0.00224465107441188,0.750560302002023
560,5,[0.8 1 1.4 1.8 2.2],0.4,1.2,10,239,0.160283203125,0.687561071730949,0.147931356854327,0.153410623210768,0.00224465107441188,0.750560302002023
590,5,[0.8 1 1.4 1.8 2.2],0.45,1.2,10,239,0.160283203125,0.687561071730949,0.147931356854327,0.153410623210768,0.00224465107441188,0.750560302002023
131,2,[0.8 1.2 1.8],0.3,1.2,1,365,0.20469970703125,0.675402443638219,0.195834704105896,0.14360625421181,0.00141175886416636,0.751003384396114
161,2,[0.8 1.2 1.8],0.35,1.2,1,365,0.20469970703125,0.675402443638219,0.195834704105896,0.14360625421181,0.00141175886416636,0.751003384396114
191,2,[0.8 1.2 1.8],0.4,1.2,1,365,0.20469970703125,0.675402443638219,0.195834704105896,0.14360625421181,0.00141175886416636,0.751003384396114
221,2,[0.8 1.2 1.8],0.45,1.2,1,366,0.20572021484375,0.675402443638219,0.195834704105896,0.14360625421181,0.00141175886416636,0.751003384396114
22,1,[1 1.5],0.3,1.5,2,342,0.1748876953125,0.676940450686985,0.193297267365198,0.14303909231294,0.0013694601579992,0.751441795054801
52,1,[1 1.5],0.35,1.5,2,342,0.1748876953125,0.676940450686985,0.193297267365198,0.14303909231294,0.0013694601579992,0.751441795054801
82,1,[1 1.5],0.4,1.5,2,342,0.1748876953125,0.676940450686985,0.193297267365198,0.14303909231294,0.0013694601579992,0.751441795054801
112,1,[1 1.5],0.45,1.5,2,342,0.1748876953125,0.676940450686985,0.193297267365198,0.14303909231294,0.0013694601579992,0.751441795054801
406,4,[0.6 1 1.4 1.8],0.35,1.2,6,363,0.18104248046875,0.684386857365737,0.175782622947024,0.14021605232549,0.00116848964733944,0.751753223633892
436,4,[0.6 1 1.4 1.8],0.4,1.2,6,363,0.18104248046875,0.684386857365737,0.175782622947024,0.14021605232549,0.00116848964733944,0.751753223633892
466,4,[0.6 1 1.4 1.8],0.45,1.2,6,363,0.18104248046875,0.684386857365737,0.175782622947024,0.14021605232549,0.00116848964733944,0.751753223633892
493,5,[0.8 1 1.4 1.8 2.2],0.3,1.2,3,238,0.1680859375,0.6878624628812,0.15582243644323,0.151898415436499,0.00210364784686069,0.752918554870634
523,5,[0.8 1 1.4 1.8 2.2],0.35,1.2,3,238,0.1680859375,0.6878624628812,0.15582243644323,0.151898415436499,0.00210364784686069,0.752918554870634
553,5,[0.8 1 1.4 1.8 2.2],0.4,1.2,3,238,0.1680859375,0.6878624628812,0.15582243644323,0.151898415436499,0.00210364784686069,0.752918554870634
583,5,[0.8 1 1.4 1.8 2.2],0.45,1.2,3,238,0.1680859375,0.6878624628812,0.15582243644323,0.151898415436499,0.00210364784686069,0.752918554870634
376,4,[0.6 1 1.4 1.8],0.3,1.2,6,362,0.180732421875,0.685744442226139,0.176880380672076,0.140338890572262,0.00117690273984458,0.753537089160588
24,1,[1 1.5],0.3,1.5,4,336,0.17204345703125,0.686126913013246,0.180038717510891,0.142580359836301,0.00133571868557292,0.755819057569922
54,1,[1 1.5],0.35,1.5,4,336,0.17204345703125,0.686126913013246,0.180038717510891,0.142580359836301,0.00133571868557292,0.755819057569922
84,1,[1 1.5],0.4,1.5,4,337,0.17274658203125,0.686126913013246,0.180038717510891,0.142580359836301,0.00133571868557292,0.755819057569922
114,1,[1 1.5],0.45,1.5,4,337,0.17274658203125,0.686126913013246,0.180038717510891,0.142580359836301,0.00133571868557292,0.755819057569922
377,4,[0.6 1 1.4 1.8],0.3,1.2,7,360,0.19210693359375,0.684719251087733,0.192147367264274,0.133955838222514,0.000779691903939528,0.755869289149927
407,4,[0.6 1 1.4 1.8],0.35,1.2,7,361,0.192216796875,0.684719251087733,0.192147367264274,0.133955838222514,0.000779691903939528,0.755869289149927
437,4,[0.6 1 1.4 1.8],0.4,1.2,7,363,0.1926416015625,0.684719251087733,0.192147367264274,0.133955838222514,0.000779691903939528,0.755869289149927
467,4,[0.6 1 1.4 1.8],0.45,1.2,7,363,0.1926416015625,0.684719251087733,0.192147367264274,0.133955838222514,0.000779691903939528,0.755869289149927
148,2,[0.8 1.2 1.8],0.3,1.5,8,231,0.1258984375,0.692135665804963,0.163032924826318,0.144975825552366,0.00151655343790916,0.756779956683721
178,2,[0.8 1.2 1.8],0.35,1.5,8,231,0.1258984375,0.692135665804963,0.163032924826318,0.144975825552366,0.00151655343790916,0.756779956683721
208,2,[0.8 1.2 1.8],0.4,1.5,8,231,0.1258984375,0.692135665804963,0.163032924826318,0.144975825552366,0.00151655343790916,0.756779956683721
238,2,[0.8 1.2 1.8],0.45,1.5,8,231,0.1258984375,0.692135665804963,0.163032924826318,0.144975825552366,0.00151655343790916,0.756779956683721
494,5,[0.8 1 1.4 1.8 2.2],0.3,1.2,4,243,0.18737548828125,0.691301407011722,0.164173122453223,0.14673470910105,0.00165663934118952,0.757045196576298
524,5,[0.8 1 1.4 1.8 2.2],0.35,1.2,4,243,0.18737548828125,0.691301407011722,0.164173122453223,0.14673470910105,0.00165663934118952,0.757045196576298
554,5,[0.8 1 1.4 1.8 2.2],0.4,1.2,4,243,0.18737548828125,0.691301407011722,0.164173122453223,0.14673470910105,0.00165663934118952,0.757045196576298
584,5,[0.8 1 1.4 1.8 2.2],0.45,1.2,4,243,0.18737548828125,0.691301407011722,0.164173122453223,0.14673470910105,0.00165663934118952,0.757045196576298
371,4,[0.6 1 1.4 1.8],0.3,1.2,1,365,0.19321533203125,0.683227824534163,0.19869238679801,0.140183238837992,0.00116624738550694,0.758601396841001
401,4,[0.6 1 1.4 1.8],0.35,1.2,1,365,0.19321533203125,0.683227824534163,0.19869238679801,0.140183238837992,0.00116624738550694,0.758601396841001
431,4,[0.6 1 1.4 1.8],0.4,1.2,1,366,0.19383544921875,0.683227824534163,0.19869238679801,0.140183238837992,0.00116624738550694,0.758601396841001
461,4,[0.6 1 1.4 1.8],0.45,1.2,1,367,0.1948388671875,0.683227824534163,0.19869238679801,0.140183238837992,0.00116624738550694,0.758601396841001
26,1,[1 1.5],0.3,1.5,6,331,0.1685205078125,0.685637171920477,0.19300060752686,0.13953742855672,0.00112255514360837,0.75880016027292
56,1,[1 1.5],0.35,1.5,6,331,0.1685205078125,0.685637171920477,0.19300060752686,0.13953742855672,0.00112255514360837,0.75880016027292
86,1,[1 1.5],0.4,1.5,6,331,0.1685205078125,0.685637171920477,0.19300060752686,0.13953742855672,0.00112255514360837,0.75880016027292
116,1,[1 1.5],0.45,1.5,6,331,0.1685205078125,0.685637171920477,0.19300060752686,0.13953742855672,0.00112255514360837,0.75880016027292
145,2,[0.8 1.2 1.8],0.3,1.5,5,230,0.12698486328125,0.69411182687999,0.160084118873257,0.148112164188885,0.0017706666220633,0.758994601595947
175,2,[0.8 1.2 1.8],0.35,1.5,5,230,0.12698486328125,0.69411182687999,0.160084118873257,0.148112164188885,0.0017706666220633,0.758994601595947
205,2,[0.8 1.2 1.8],0.4,1.5,5,230,0.12698486328125,0.69411182687999,0.160084118873257,0.148112164188885,0.0017706666220633,0.758994601595947
235,2,[0.8 1.2 1.8],0.45,1.5,5,230,0.12698486328125,0.69411182687999,0.160084118873257,0.148112164188885,0.0017706666220633,0.758994601595947
140,2,[0.8 1.2 1.8],0.3,1.2,10,354,0.18432373046875,0.690260352834705,0.184160510047586,0.135322989155849,0.000857910817487058,0.759006085438795
170,2,[0.8 1.2 1.8],0.35,1.2,10,355,0.18452392578125,0.690260352834705,0.184160510047586,0.135322989155849,0.000857910817487058,0.759006085438795
200,2,[0.8 1.2 1.8],0.4,1.2,10,355,0.18452392578125,0.690260352834705,0.184160510047586,0.135322989155849,0.000857910817487058,0.759006085438795
230,2,[0.8 1.2 1.8],0.45,1.2,10,356,0.18472900390625,0.690260352834705,0.184160510047586,0.135322989155849,0.000857910817487058,0.759006085438795
90,1,[1 1.5],0.4,1.5,10,336,0.16507568359375,0.681939447721323,0.20315915011305,0.140650696996459,0.00119839363550054,0.759037118438393
120,1,[1 1.5],0.45,1.5,10,336,0.16507568359375,0.681939447721323,0.20315915011305,0.140650696996459,0.00119839363550054,0.759037118438393
497,5,[0.8 1 1.4 1.8 2.2],0.3,1.2,7,240,0.18881591796875,0.691368370820672,0.172413276074522,0.145277473337874,0.00154013853919744,0.759413710142742
527,5,[0.8 1 1.4 1.8 2.2],0.35,1.2,7,241,0.18982421875,0.691368370820672,0.172413276074522,0.145277473337874,0.00154013853919744,0.759413710142742
557,5,[0.8 1 1.4 1.8 2.2],0.4,1.2,7,241,0.18982421875,0.691368370820672,0.172413276074522,0.145277473337874,0.00154013853919744,0.759413710142742
587,5,[0.8 1 1.4 1.8 2.2],0.45,1.2,7,241,0.18982421875,0.691368370820672,0.172413276074522,0.145277473337874,0.00154013853919744,0.759413710142742
27,1,[1 1.5],0.3,1.5,7,336,0.17553955078125,0.685593879558311,0.207168802185671,0.133045748431506,0.000729695358901105,0.761751437117801
57,1,[1 1.5],0.35,1.5,7,337,0.17625,0.685593879558311,0.207168802185671,0.133045748431506,0.000729695358901105,0.761751437117801
87,1,[1 1.5],0.4,1.5,7,337,0.17625,0.685593879558311,0.207168802185671,0.133045748431506,0.000729695358901105,0.761751437117801
117,1,[1 1.5],0.45,1.5,7,337,0.17625,0.685593879558311,0.207168802185671,0.133045748431506,0.000729695358901105,0.761751437117801
262,3,[0.8 1.2 1.6 2],0.3,1.5,2,191,0.12552978515625,0.699836432654867,0.155510400048413,0.150296764143021,0.00195929192774143,0.764061532310518
292,3,[0.8 1.2 1.6 2],0.35,1.5,2,191,0.12552978515625,0.699836432654867,0.155510400048413,0.150296764143021,0.00195929192774143,0.764061532310518
322,3,[0.8 1.2 1.6 2],0.4,1.5,2,191,0.12552978515625,0.699836432654867,0.155510400048413,0.150296764143021,0.00195929192774143,0.764061532310518
352,3,[0.8 1.2 1.6 2],0.45,1.5,2,191,0.12552978515625,0.699836432654867,0.155510400048413,0.150296764143021,0.00195929192774143,0.764061532310518
146,2,[0.8 1.2 1.8],0.3,1.5,6,230,0.12545654296875,0.698737366475472,0.168672738440804,0.141888115069675,0.00128559827745297,0.764200816317018
176,2,[0.8 1.2 1.8],0.35,1.5,6,230,0.12545654296875,0.698737366475472,0.168672738440804,0.141888115069675,0.00128559827745297,0.764200816317018
206,2,[0.8 1.2 1.8],0.4,1.5,6,231,0.126474609375,0.698737366475472,0.168672738440804,0.141888115069675,0.00128559827745297,0.764200816317018
236,2,[0.8 1.2 1.8],0.45,1.5,6,231,0.126474609375,0.698737366475472,0.168672738440804,0.141888115069675,0.00128559827745297,0.764200816317018
60,1,[1 1.5],0.35,1.5,10,335,0.16437255859375,0.686114826647184,0.209126886345606,0.138896974503851,0.00108004907011141,0.764709482218703
380,4,[0.6 1 1.4 1.8],0.3,1.2,10,355,0.16972900390625,0.695385169087052,0.188115960365119,0.133897626597243,0.000776444410329635,0.765107977266492
410,4,[0.6 1 1.4 1.8],0.35,1.2,10,355,0.16972900390625,0.695385169087052,0.188115960365119,0.133897626597243,0.000776444410329635,0.765107977266492
440,4,[0.6 1 1.4 1.8],0.4,1.2,10,355,0.16972900390625,0.695385169087052,0.188115960365119,0.133897626597243,0.000776444410329635,0.765107977266492
470,4,[0.6 1 1.4 1.8],0.45,1.2,10,356,0.16984619140625,0.695385169087052,0.188115960365119,0.133897626597243,0.000776444410329635,0.765107977266492
265,3,[0.8 1.2 1.6 2],0.3,1.5,5,188,0.1251318359375,0.697495105914295,0.160734079200968,0.153893838409924,0.00229067186791366,0.765205392974202
295,3,[0.8 1.2 1.6 2],0.35,1.5,5,189,0.12533203125,0.697495105914295,0.160734079200968,0.153893838409924,0.00229067186791366,0.765205392974202
325,3,[0.8 1.2 1.6 2],0.4,1.5,5,189,0.12533203125,0.697495105914295,0.160734079200968,0.153893838409924,0.00229067186791366,0.765205392974202
355,3,[0.8 1.2 1.6 2],0.45,1.5,5,189,0.12533203125,0.697495105914295,0.160734079200968,0.153893838409924,0.00229067186791366,0.765205392974202
505,5,[0.8 1 1.4 1.8 2.2],0.3,1.5,5,164,0.121796875,0.69430981024564,0.161544638527981,0.159752262221603,0.00288577261889738,0.76527929682492
535,5,[0.8 1 1.4 1.8 2.2],0.35,1.5,5,164,0.121796875,0.69430981024564,0.161544638527981,0.159752262221603,0.00288577261889738,0.76527929682492
565,5,[0.8 1 1.4 1.8 2.2],0.4,1.5,5,164,0.121796875,0.69430981024564,0.161544638527981,0.159752262221603,0.00288577261889738,0.76527929682492
595,5,[0.8 1 1.4 1.8 2.2],0.45,1.5,5,164,0.121796875,0.69430981024564,0.161544638527981,0.159752262221603,0.00288577261889738,0.76527929682492
30,1,[1 1.5],0.3,1.5,10,334,0.163662109375,0.687139117856711,0.207816632725199,0.139032653430612,0.00108898541052186,0.76531986636314
142,2,[0.8 1.2 1.8],0.3,1.5,2,237,0.13082763671875,0.696976097142644,0.176368703140219,0.143605919935103,0.00141173374446681,0.765763811964055
172,2,[0.8 1.2 1.8],0.35,1.5,2,238,0.1310302734375,0.696976097142644,0.176368703140219,0.143605919935103,0.00141173374446681,0.765763811964055
202,2,[0.8 1.2 1.8],0.4,1.5,2,239,0.13123046875,0.696976097142644,0.176368703140219,0.143605919935103,0.00141173374446681,0.765763811964055
232,2,[0.8 1.2 1.8],0.45,1.5,2,239,0.13123046875,0.696976097142644,0.176368703140219,0.143605919935103,0.00141173374446681,0.765763811964055
388,4,[0.6 1 1.4 1.8],0.3,1.5,8,231,0.119140625,0.701496286871086,0.177712369811546,0.138878031772034,0.00107880435727236,0.769089638091489
418,4,[0.6 1 1.4 1.8],0.35,1.5,8,231,0.119140625,0.701496286871086,0.177712369811546,0.138878031772034,0.00107880435727236,0.769089638091489
448,4,[0.6 1 1.4 1.8],0.4,1.5,8,231,0.119140625,0.701496286871086,0.177712369811546,0.138878031772034,0.00107880435727236,0.769089638091489
478,4,[0.6 1 1.4 1.8],0.45,1.5,8,232,0.1192529296875,0.701496286871086,0.177712369811546,0.138878031772034,0.00107880435727236,0.769089638091489
385,4,[0.6 1 1.4 1.8],0.3,1.5,5,230,0.11712158203125,0.702648713491444,0.172842677458068,0.140655397122221,0.00119871907383058,0.76913724597092
415,4,[0.6 1 1.4 1.8],0.35,1.5,5,230,0.11712158203125,0.702648713491444,0.172842677458068,0.140655397122221,0.00119871907383058,0.76913724597092
445,4,[0.6 1 1.4 1.8],0.4,1.5,5,230,0.11712158203125,0.702648713491444,0.172842677458068,0.140655397122221,0.00119871907383058,0.76913724597092
475,4,[0.6 1 1.4 1.8],0.45,1.5,5,230,0.11712158203125,0.702648713491444,0.172842677458068,0.140655397122221,0.00119871907383058,0.76913724597092
263,3,[0.8 1.2 1.6 2],0.3,1.5,3,190,0.12484130859375,0.702075783693176,0.169066574146575,0.146365860471382,0.00162674975865422,0.769382833437748
293,3,[0.8 1.2 1.6 2],0.35,1.5,3,190,0.12484130859375,0.702075783693176,0.169066574146575,0.146365860471382,0.00162674975865422,0.769382833437748
323,3,[0.8 1.2 1.6 2],0.4,1.5,3,190,0.12484130859375,0.702075783693176,0.169066574146575,0.146365860471382,0.00162674975865422,0.769382833437748
353,3,[0.8 1.2 1.6 2],0.45,1.5,3,190,0.12484130859375,0.702075783693176,0.169066574146575,0.146365860471382,0.00162674975865422,0.769382833437748
268,3,[0.8 1.2 1.6 2],0.3,1.5,8,193,0.13425048828125,0.700383676649069,0.180537408502112,0.140588563932182,0.00119409567323566,0.769542247990987
298,3,[0.8 1.2 1.6 2],0.35,1.5,8,194,0.1344580078125,0.700383676649069,0.180537408502112,0.140588563932182,0.00119409567323566,0.769542247990987
328,3,[0.8 1.2 1.6 2],0.4,1.5,8,194,0.1344580078125,0.700383676649069,0.180537408502112,0.140588563932182,0.00119409567323566,0.769542247990987
358,3,[0.8 1.2 1.6 2],0.45,1.5,8,194,0.1344580078125,0.700383676649069,0.180537408502112,0.140588563932182,0.00119409567323566,0.769542247990987
149,2,[0.8 1.2 1.8],0.3,1.5,9,230,0.13138427734375,0.698378103243191,0.186876975065164,0.144390586835589,0.00147131409684335,0.771141615000216
179,2,[0.8 1.2 1.8],0.35,1.5,9,230,0.13138427734375,0.698378103243191,0.186876975065164,0.144390586835589,0.00147131409684335,0.771141615000216
209,2,[0.8 1.2 1.8],0.4,1.5,9,230,0.13138427734375,0.698378103243191,0.186876975065164,0.144390586835589,0.00147131409684335,0.771141615000216
239,2,[0.8 1.2 1.8],0.45,1.5,9,230,0.13138427734375,0.698378103243191,0.186876975065164,0.144390586835589,0.00147131409684335,0.771141615000216
502,5,[0.8 1 1.4 1.8 2.2],0.3,1.5,2,155,0.10749755859375,0.705172524265279,0.169866487687423,0.146298857415517,0.00162134938143706,0.772732541863062
532,5,[0.8 1 1.4 1.8 2.2],0.35,1.5,2,155,0.10749755859375,0.705172524265279,0.169866487687423,0.146298857415517,0.00162134938143706,0.772732541863062
562,5,[0.8 1 1.4 1.8 2.2],0.4,1.5,2,156,0.1090185546875,0.705172524265279,0.169866487687423,0.146298857415517,0.00162134938143706,0.772732541863062
592,5,[0.8 1 1.4 1.8 2.2],0.45,1.5,2,156,0.1090185546875,0.705172524265279,0.169866487687423,0.146298857415517,0.00162134938143706,0.772732541863062
267,3,[0.8 1.2 1.6 2],0.3,1.5,7,194,0.13695556640625,0.7006797368172,0.191269245310806,0.13989819954408,0.00114686024142144,0.77335827388309
297,3,[0.8 1.2 1.6 2],0.35,1.5,7,195,0.138203125,0.7006797368172,0.191269245310806,0.13989819954408,0.00114686024142144,0.77335827388309
327,3,[0.8 1.2 1.6 2],0.4,1.5,7,195,0.138203125,0.7006797368172,0.191269245310806,0.13989819954408,0.00114686024142144,0.77335827388309
357,3,[0.8 1.2 1.6 2],0.45,1.5,7,195,0.138203125,0.7006797368172,0.191269245310806,0.13989819954408,0.00114686024142144,0.77335827388309
382,4,[0.6 1 1.4 1.8],0.3,1.5,2,237,0.119560546875,0.702928763610896,0.188112278710646,0.140664135649065,0.00119932424987937,0.774764682409019
412,4,[0.6 1 1.4 1.8],0.35,1.5,2,238,0.119677734375,0.702928763610896,0.188112278710646,0.140664135649065,0.00119932424987937,0.774764682409019
442,4,[0.6 1 1.4 1.8],0.4,1.5,2,239,0.11978759765625,0.702928763610896,0.188112278710646,0.140664135649065,0.00119932424987937,0.774764682409019
472,4,[0.6 1 1.4 1.8],0.45,1.5,2,239,0.11978759765625,0.702928763610896,0.188112278710646,0.140664135649065,0.00119932424987937,0.774764682409019
491,5,[0.8 1 1.4 1.8 2.2],0.3,1.2,1,243,0.1770068359375,0.707287296640882,0.18117995849798,0.135392285638096,0.000861975023312272,0.775010157231736
521,5,[0.8 1 1.4 1.8 2.2],0.35,1.2,1,243,0.1770068359375,0.707287296640882,0.18117995849798,0.135392285638096,0.000861975023312272,0.775010157231736
551,5,[0.8 1 1.4 1.8 2.2],0.4,1.2,1,243,0.1770068359375,0.707287296640882,0.18117995849798,0.135392285638096,0.000861975023312272,0.775010157231736
581,5,[0.8 1 1.4 1.8 2.2],0.45,1.2,1,243,0.1770068359375,0.707287296640882,0.18117995849798,0.135392285638096,0.000861975023312272,0.775010157231736
269,3,[0.8 1.2 1.6 2],0.3,1.5,9,197,0.13150146484375,0.700204750788455,0.188853803684792,0.147817521076789,0.00174595669088001,0.775033365532532
299,3,[0.8 1.2 1.6 2],0.35,1.5,9,197,0.13150146484375,0.700204750788455,0.188853803684792,0.147817521076789,0.00174595669088001,0.775033365532532
329,3,[0.8 1.2 1.6 2],0.4,1.5,9,197,0.13150146484375,0.700204750788455,0.188853803684792,0.147817521076789,0.00174595669088001,0.775033365532532
359,3,[0.8 1.2 1.6 2],0.45,1.5,9,197,0.13150146484375,0.700204750788455,0.188853803684792,0.147817521076789,0.00174595669088001,0.775033365532532
386,4,[0.6 1 1.4 1.8],0.3,1.5,6,230,0.1132421875,0.707508929503073,0.19371701423137,0.133042880037091,0.000729540399975228,0.778957586483929
416,4,[0.6 1 1.4 1.8],0.35,1.5,6,231,0.11426025390625,0.707508929503073,0.19371701423137,0.133042880037091,0.000729540399975228,0.778957586483929
446,4,[0.6 1 1.4 1.8],0.4,1.5,6,231,0.11426025390625,0.707508929503073,0.19371701423137,0.133042880037091,0.000729540399975228,0.778957586483929
476,4,[0.6 1 1.4 1.8],0.45,1.5,6,231,0.11426025390625,0.707508929503073,0.19371701423137,0.133042880037091,0.000729540399975228,0.778957586483929
266,3,[0.8 1.2 1.6 2],0.3,1.5,6,187,0.1231982421875,0.711721773929667,0.185893027353218,0.134628039073307,0.000817683437886639,0.780872750692727
296,3,[0.8 1.2 1.6 2],0.35,1.5,6,187,0.1231982421875,0.711721773929667,0.185893027353218,0.134628039073307,0.000817683437886639,0.780872750692727
326,3,[0.8 1.2 1.6 2],0.4,1.5,6,187,0.1231982421875,0.711721773929667,0.185893027353218,0.134628039073307,0.000817683437886639,0.780872750692727
356,3,[0.8 1.2 1.6 2],0.45,1.5,6,187,0.1231982421875,0.711721773929667,0.185893027353218,0.134628039073307,0.000817683437886639,0.780872750692727
509,5,[0.8 1 1.4 1.8 2.2],0.3,1.5,9,157,0.1151611328125,0.704885970655125,0.194017221014885,0.146992747577813,0.00167771120385709,0.78118055402962
539,5,[0.8 1 1.4 1.8 2.2],0.35,1.5,9,158,0.1157666015625,0.704885970655125,0.194017221014885,0.146992747577813,0.00167771120385709,0.78118055402962
569,5,[0.8 1 1.4 1.8 2.2],0.4,1.5,9,158,0.1157666015625,0.704885970655125,0.194017221014885,0.146992747577813,0.00167771120385709,0.78118055402962
599,5,[0.8 1 1.4 1.8 2.2],0.45,1.5,9,158,0.1157666015625,0.704885970655125,0.194017221014885,0.146992747577813,0.00167771120385709,0.78118055402962
147,2,[0.8 1.2 1.8],0.3,1.5,7,231,0.13265625,0.706841838906125,0.20249785095019,0.135244327789273,0.000853309004203147,0.781982631759708
177,2,[0.8 1.2 1.8],0.35,1.5,7,231,0.13265625,0.706841838906125,0.20249785095019,0.135244327789273,0.000853309004203147,0.781982631759708
207,2,[0.8 1.2 1.8],0.4,1.5,7,231,0.13265625,0.706841838906125,0.20249785095019,0.135244327789273,0.000853309004203147,0.781982631759708
237,2,[0.8 1.2 1.8],0.45,1.5,7,231,0.13265625,0.706841838906125,0.20249785095019,0.135244327789273,0.000853309004203147,0.781982631759708
150,2,[0.8 1.2 1.8],0.3,1.5,10,231,0.12012451171875,0.712842969557479,0.186800538215933,0.134654034618969,0.0008191708074686,0.782319011970399
180,2,[0.8 1.2 1.8],0.35,1.5,10,231,0.12012451171875,0.712842969557479,0.186800538215933,0.134654034618969,0.0008191708074686,0.782319011970399
210,2,[0.8 1.2 1.8],0.4,1.5,10,231,0.12012451171875,0.712842969557479,0.186800538215933,0.134654034618969,0.0008191708074686,0.782319011970399
240,2,[0.8 1.2 1.8],0.45,1.5,10,231,0.12012451171875,0.712842969557479,0.186800538215933,0.134654034618969,0.0008191708074686,0.782319011970399
389,4,[0.6 1 1.4 1.8],0.3,1.5,9,230,0.12077880859375,0.706975142836538,0.202908490141638,0.138423292252281,0.00104913916320048,0.783238810202114
419,4,[0.6 1 1.4 1.8],0.35,1.5,9,230,0.12077880859375,0.706975142836538,0.202908490141638,0.138423292252281,0.00104913916320048,0.783238810202114
449,4,[0.6 1 1.4 1.8],0.4,1.5,9,230,0.12077880859375,0.706975142836538,0.202908490141638,0.138423292252281,0.00104913916320048,0.783238810202114
479,4,[0.6 1 1.4 1.8],0.45,1.5,9,230,0.12077880859375,0.706975142836538,0.202908490141638,0.138423292252281,0.00104913916320048,0.783238810202114
270,3,[0.8 1.2 1.6 2],0.3,1.5,10,194,0.1234423828125,0.71445655776657,0.188719920340589,0.137559914530307,0.000993954254078235,0.785478301156167
300,3,[0.8 1.2 1.6 2],0.35,1.5,10,195,0.1236474609375,0.71445655776657,0.188719920340589,0.137559914530307,0.000993954254078235,0.785478301156167
330,3,[0.8 1.2 1.6 2],0.4,1.5,10,195,0.1236474609375,0.71445655776657,0.188719920340589,0.137559914530307,0.000993954254078235,0.785478301156167
360,3,[0.8 1.2 1.6 2],0.45,1.5,10,195,0.1236474609375,0.71445655776657,0.188719920340589,0.137559914530307,0.000993954254078235,0.785478301156167
144,2,[0.8 1.2 1.8],0.3,1.5,4,233,0.1318408203125,0.711891655233914,0.204485617449795,0.133216928440591,0.000738972789512054,0.787156485288902
174,2,[0.8 1.2 1.8],0.35,1.5,4,233,0.1318408203125,0.711891655233914,0.204485617449795,0.133216928440591,0.000738972789512054,0.787156485288902
204,2,[0.8 1.2 1.8],0.4,1.5,4,233,0.1318408203125,0.711891655233914,0.204485617449795,0.133216928440591,0.000738972789512054,0.787156485288902
234,2,[0.8 1.2 1.8],0.45,1.5,4,233,0.1318408203125,0.711891655233914,0.204485617449795,0.133216928440591,0.000738972789512054,0.787156485288902
503,5,[0.8 1 1.4 1.8 2.2],0.3,1.5,3,153,0.1056396484375,0.716663618839251,0.191923575477585,0.134683733204607,0.000820871705425271,0.787941228783533
533,5,[0.8 1 1.4 1.8 2.2],0.35,1.5,3,153,0.1056396484375,0.716663618839251,0.191923575477585,0.134683733204607,0.000820871705425271,0.787941228783533
563,5,[0.8 1 1.4 1.8 2.2],0.4,1.5,3,153,0.1056396484375,0.716663618839251,0.191923575477585,0.134683733204607,0.000820871705425271,0.787941228783533
593,5,[0.8 1 1.4 1.8 2.2],0.45,1.5,3,153,0.1056396484375,0.716663618839251,0.191923575477585,0.134683733204607,0.000820871705425271,0.787941228783533
351,3,[0.8 1.2 1.6 2],0.45,1.5,1,193,0.13603759765625,0.718399327896697,0.189842401736697,0.133028032292903,0.000728738545124813,0.788487861230164
261,3,[0.8 1.2 1.6 2],0.3,1.5,1,192,0.1352392578125,0.719072418960729,0.1902926031364,0.132932241589381,0.000723575950667284,0.789292709811806
291,3,[0.8 1.2 1.6 2],0.35,1.5,1,192,0.1352392578125,0.719072418960729,0.1902926031364,0.132932241589381,0.000723575950667284,0.789292709811806
321,3,[0.8 1.2 1.6 2],0.4,1.5,1,192,0.1352392578125,0.719072418960729,0.1902926031364,0.132932241589381,0.000723575950667284,0.789292709811806
507,5,[0.8 1 1.4 1.8 2.2],0.3,1.5,7,155,0.1103173828125,0.713253295154148,0.20514309574073,0.135201059359513,0.000850783008929099,0.789307293708049
537,5,[0.8 1 1.4 1.8 2.2],0.35,1.5,7,155,0.1103173828125,0.713253295154148,0.20514309574073,0.135201059359513,0.000850783008929099,0.789307293708049
567,5,[0.8 1 1.4 1.8 2.2],0.4,1.5,7,156,0.1118310546875,0.713253295154148,0.20514309574073,0.135201059359513,0.000850783008929099,0.789307293708049
597,5,[0.8 1 1.4 1.8 2.2],0.45,1.5,7,156,0.1118310546875,0.713253295154148,0.20514309574073,0.135201059359513,0.000850783008929099,0.789307293708049
143,2,[0.8 1.2 1.8],0.3,1.5,3,232,0.1181640625,0.714732277549898,0.202085917185893,0.134224049802516,0.000794742365836411,0.789436060394143
173,2,[0.8 1.2 1.8],0.35,1.5,3,232,0.1181640625,0.714732277549898,0.202085917185893,0.134224049802516,0.000794742365836411,0.789436060394143
203,2,[0.8 1.2 1.8],0.4,1.5,3,233,0.11836181640625,0.714732277549898,0.202085917185893,0.134224049802516,0.000794742365836411,0.789436060394143
233,2,[0.8 1.2 1.8],0.45,1.5,3,233,0.11836181640625,0.714732277549898,0.202085917185893,0.134224049802516,0.000794742365836411,0.789436060394143
383,4,[0.6 1 1.4 1.8],0.3,1.5,3,232,0.10900390625,0.716003548539092,0.201944184608958,0.13424713522087,0.00079604450892519,0.790664235696853
413,4,[0.6 1 1.4 1.8],0.35,1.5,3,233,0.10911376953125,0.716003548539092,0.201944184608958,0.13424713522087,0.00079604450892519,0.790664235696853
443,4,[0.6 1 1.4 1.8],0.4,1.5,3,233,0.10911376953125,0.716003548539092,0.201944184608958,0.13424713522087,0.00079604450892519,0.790664235696853
473,4,[0.6 1 1.4 1.8],0.45,1.5,3,233,0.10911376953125,0.716003548539092,0.201944184608958,0.13424713522087,0.00079604450892519,0.790664235696853
387,4,[0.6 1 1.4 1.8],0.3,1.5,7,231,0.12205322265625,0.712874480764236,0.218465798275264,0.130116969868153,0.000580043650470499,0.792237728412931
417,4,[0.6 1 1.4 1.8],0.35,1.5,7,231,0.12205322265625,0.712874480764236,0.218465798275264,0.130116969868153,0.000580043650470499,0.792237728412931
447,4,[0.6 1 1.4 1.8],0.4,1.5,7,231,0.12205322265625,0.712874480764236,0.218465798275264,0.130116969868153,0.000580043650470499,0.792237728412931
477,4,[0.6 1 1.4 1.8],0.45,1.5,7,231,0.12205322265625,0.712874480764236,0.218465798275264,0.130116969868153,0.000580043650470499,0.792237728412931
510,5,[0.8 1 1.4 1.8 2.2],0.3,1.5,10,157,0.10635498046875,0.722157941239099,0.200422599581107,0.130483646767332,0.000597840265248871,0.795295052418731
540,5,[0.8 1 1.4 1.8 2.2],0.35,1.5,10,157,0.10635498046875,0.722157941239099,0.200422599581107,0.130483646767332,0.000597840265248871,0.795295052418731
570,5,[0.8 1 1.4 1.8 2.2],0.4,1.5,10,157,0.10635498046875,0.722157941239099,0.200422599581107,0.130483646767332,0.000597840265248871,0.795295052418731
600,5,[0.8 1 1.4 1.8 2.2],0.45,1.5,10,157,0.10635498046875,0.722157941239099,0.200422599581107,0.130483646767332,0.000597840265248871,0.795295052418731
390,4,[0.6 1 1.4 1.8],0.3,1.5,10,231,0.1097314453125,0.721266263086119,0.208457326356283,0.127698608220259,0.000469404018328259,0.79657334740246
420,4,[0.6 1 1.4 1.8],0.35,1.5,10,231,0.1097314453125,0.721266263086119,0.208457326356283,0.127698608220259,0.000469404018328259,0.79657334740246
450,4,[0.6 1 1.4 1.8],0.4,1.5,10,231,0.1097314453125,0.721266263086119,0.208457326356283,0.127698608220259,0.000469404018328259,0.79657334740246
480,4,[0.6 1 1.4 1.8],0.45,1.5,10,232,0.11034912109375,0.721266263086119,0.208457326356283,0.127698608220259,0.000469404018328259,0.79657334740246
536,5,[0.8 1 1.4 1.8 2.2],0.35,1.5,6,157,0.10923583984375,0.720854256316128,0.210494778582066,0.131546983241748,0.000650969745699599,0.797782277548349
566,5,[0.8 1 1.4 1.8 2.2],0.4,1.5,6,158,0.10955322265625,0.720854256316128,0.210494778582066,0.131546983241748,0.000650969745699599,0.797782277548349
596,5,[0.8 1 1.4 1.8 2.2],0.45,1.5,6,158,0.10955322265625,0.720854256316128,0.210494778582066,0.131546983241748,0.000650969745699599,0.797782277548349
506,5,[0.8 1 1.4 1.8 2.2],0.3,1.5,6,156,0.1082177734375,0.722891734830791,0.2124681750424,0.131020839469544,0.000624398394116217,0.800377588066213
384,4,[0.6 1 1.4 1.8],0.3,1.5,4,233,0.12145263671875,0.720238922879309,0.223997643126123,0.127132862807913,0.000445209507267108,0.800864145509788
414,4,[0.6 1 1.4 1.8],0.35,1.5,4,233,0.12145263671875,0.720238922879309,0.223997643126123,0.127132862807913,0.000445209507267108,0.800864145509788
444,4,[0.6 1 1.4 1.8],0.4,1.5,4,233,0.12145263671875,0.720238922879309,0.223997643126123,0.127132862807913,0.000445209507267108,0.800864145509788
474,4,[0.6 1 1.4 1.8],0.45,1.5,4,233,0.12145263671875,0.720238922879309,0.223997643126123,0.127132862807913,0.000445209507267108,0.800864145509788
141,2,[0.8 1.2 1.8],0.3,1.5,1,239,0.13046630859375,0.719684879269627,0.228816819403044,0.127157435134508,0.000446247062674847,0.802002001374067
171,2,[0.8 1.2 1.8],0.35,1.5,1,239,0.13046630859375,0.719684879269627,0.228816819403044,0.127157435134508,0.000446247062674847,0.802002001374067
201,2,[0.8 1.2 1.8],0.4,1.5,1,239,0.13046630859375,0.719684879269627,0.228816819403044,0.127157435134508,0.000446247062674847,0.802002001374067
231,2,[0.8 1.2 1.8],0.45,1.5,1,239,0.13046630859375,0.719684879269627,0.228816819403044,0.127157435134508,0.000446247062674847,0.802002001374067
508,5,[0.8 1 1.4 1.8 2.2],0.3,1.5,8,159,0.11610107421875,0.723551563870392,0.223394300451816,0.127673115006611,0.000468300009874254,0.804081069077899
538,5,[0.8 1 1.4 1.8 2.2],0.35,1.5,8,159,0.11610107421875,0.723551563870392,0.223394300451816,0.127673115006611,0.000468300009874254,0.804081069077899
568,5,[0.8 1 1.4 1.8 2.2],0.4,1.5,8,159,0.11610107421875,0.723551563870392,0.223394300451816,0.127673115006611,0.000468300009874254,0.804081069077899
598,5,[0.8 1 1.4 1.8 2.2],0.45,1.5,8,159,0.11610107421875,0.723551563870392,0.223394300451816,0.127673115006611,0.000468300009874254,0.804081069077899
264,3,[0.8 1.2 1.6 2],0.3,1.5,4,192,0.13494140625,0.7295366327725,0.235373040931447,0.120379871533586,0.000205836324339352,0.812946378720203
294,3,[0.8 1.2 1.6 2],0.35,1.5,4,192,0.13494140625,0.7295366327725,0.235373040931447,0.120379871533586,0.000205836324339352,0.812946378720203
324,3,[0.8 1.2 1.6 2],0.4,1.5,4,192,0.13494140625,0.7295366327725,0.235373040931447,0.120379871533586,0.000205836324339352,0.812946378720203
354,3,[0.8 1.2 1.6 2],0.45,1.5,4,192,0.13494140625,0.7295366327725,0.235373040931447,0.120379871533586,0.000205836324339352,0.812946378720203
504,5,[0.8 1 1.4 1.8 2.2],0.3,1.5,4,156,0.11963623046875,0.730256389211532,0.234986627627594,0.122879505833768,0.000283808987833268,0.813920753820356
534,5,[0.8 1 1.4 1.8 2.2],0.35,1.5,4,156,0.11963623046875,0.730256389211532,0.234986627627594,0.122879505833768,0.000283808987833268,0.813920753820356
564,5,[0.8 1 1.4 1.8 2.2],0.4,1.5,4,156,0.11963623046875,0.730256389211532,0.234986627627594,0.122879505833768,0.000283808987833268,0.813920753820356
594,5,[0.8 1 1.4 1.8 2.2],0.45,1.5,4,156,0.11963623046875,0.730256389211532,0.234986627627594,0.122879505833768,0.000283808987833268,0.813920753820356
381,4,[0.6 1 1.4 1.8],0.3,1.5,1,239,0.12289306640625,0.729114756232245,0.252920739794831,0.119890089092798,0.000192022396712874,0.818597127144001
411,4,[0.6 1 1.4 1.8],0.35,1.5,1,239,0.12289306640625,0.729114756232245,0.252920739794831,0.119890089092798,0.000192022396712874,0.818597127144001
441,4,[0.6 1 1.4 1.8],0.4,1.5,1,239,0.12289306640625,0.729114756232245,0.252920739794831,0.119890089092798,0.000192022396712874,0.818597127144001
471,4,[0.6 1 1.4 1.8],0.45,1.5,1,239,0.12289306640625,0.729114756232245,0.252920739794831,0.119890089092798,0.000192022396712874,0.818597127144001
501,5,[0.8 1 1.4 1.8 2.2],0.3,1.5,1,156,0.113779296875,0.737685482117314,0.272207557542398,0.117503902249299,0.000131584477991091,0.833616049647108
531,5,[0.8 1 1.4 1.8 2.2],0.35,1.5,1,156,0.113779296875,0.737685482117314,0.272207557542398,0.117503902249299,0.000131584477991091,0.833616049647108
561,5,[0.8 1 1.4 1.8 2.2],0.4,1.5,1,156,0.113779296875,0.737685482117314,0.272207557542398,0.117503902249299,0.000131584477991091,0.833616049647108
591,5,[0.8 1 1.4 1.8 2.2],0.45,1.5,1,156,0.113779296875,0.737685482117314,0.272207557542398,0.117503902249299,0.000131584477991091,0.833616049647108
